(0, 0)
(0, 0)
66: (0, 315)
105: (316, 357)
37: (358, 464)
51: (465, 712)
201: (713, 929)
(0, 0)
(0, 0)
(0, 0)
(0, 0)
(0, 0)
(0, 0)
(0, 0)
(0, 0)
(0, 0)
(0, 0)
(0, 0)
(0, 0)
(0, 0)
(0, 0)
(0, 0)
(0, 0)
(0, 0)
(0, 0)
23: (930, 1022)
(0, 0)
(0, 0)
(0, 0)
(0, 0)
(0, 0)
(0, 0)
(0, 0)
(0, 0)
(0, 0)
(0, 0)
(0, 0)
(0, 0)
(0, 0)
(0, 0)
(0, 0)
(0, 0)
(0, 0)
(0, 0)
(0, 0)
(0, 0)
(0, 0)
(0, 0)
(0, 0)
(0, 0)
(0, 0)
(0, 0)
(0, 0)
(0, 0)
(0, 0)
(0, 0)
(0, 0)
(0, 0)
(0, 0)
(0, 0)
(0, 0)
(0, 0)
(0, 0)
(0, 0)
(0, 0)
(0, 0)
(0, 0)
(0, 0)
(0, 0)
(0, 0)
(0, 0)
(0, 0)
(0, 0)
(0, 0)
(0, 0)
(0, 0)
(0, 0)
(0, 0)
(0, 0)
(0, 0)
(0, 0)
(0, 0)
(0, 0)
(0, 0)
(0, 0)
(0, 0)
(0, 0)
(0, 0)
(0, 0)
(0, 0)
(0, 0)
(0, 0)
(0, 0)
(0, 0)
(0, 0)
(0, 0)
(0, 0)
(0, 0)
(0, 0)
(0, 0)
(0, 0)
(0, 0)
(0, 0)
(0, 0)
(0, 0)
(0, 0)
(0, 0)
(0, 0)
(0, 0)
(0, 0)
(0, 0)
(0, 0)
(0, 0)
(0, 0)
(0, 0)
(0, 0)
(0, 0)
(0, 0)
(0, 0)
(0, 0)
(0, 0)
(0, 0)
(0, 0)
(0, 0)
(0, 0)
(0, 0)
(0, 0)
(0, 0)
(0, 0)
(0, 0)
(0, 0)
(0, 0)
(0, 0)
(0, 0)
(0, 0)
(0, 0)
(0, 0)
(0, 0)
(0, 0)
(0, 0)
(0, 0)
(0, 0)
(0, 0)
(0, 0)
(0, 0)
(0, 0)
(0, 0)
(0, 0)
(0, 0)
(0, 0)
(0, 0)
(0, 0)
(0, 0)
(0, 0)
(0, 0)
(0, 0)
(0, 0)
(0, 0)
(0, 0)
(0, 0)
(0, 0)
(0, 0)
(0, 0)
(0, 0)
(0, 0)
(0, 0)
(0, 0)
(0, 0)
(0, 0)
(0, 0)
(0, 0)
(0, 0)
(0, 0)
(0, 0)
(0, 0)
(0, 0)
(0, 0)
(0, 0)
(0, 0)
(0, 0)
(0, 0)
(0, 0)
(0, 0)
(0, 0)
(0, 0)
(0, 0)
(0, 0)
(0, 0)
(0, 0)
(0, 0)
(0, 0)
(0, 0)
(0, 0)
(0, 0)
(0, 0)
(0, 0)
(0, 0)
(0, 0)
(0, 0)
(0, 0)
(0, 0)
(0, 0)
(0, 0)
(0, 0)
(0, 0)
(0, 0)
(0, 0)
(0, 0)
(0, 0)
(0, 0)
(0, 0)
(0, 0)
(0, 0)
(0, 0)
(0, 0)
(0, 0)
(0, 0)
(0, 0)
(0, 0)
(0, 0)
(0, 0)
(0, 0)
(0, 0)
(0, 0)
(0, 0)
(0, 0)
(0, 0)
(0, 0)
(0, 0)
(0, 0)
(0, 0)
(0, 0)
(0, 0)
(0, 0)
(0, 0)
(0, 0)
(0, 0)
(0, 0)
(0, 0)
(0, 0)
(0, 0)
66: (0, 315)
105: (316, 357)
37: (358, 464)
51: (465, 712)
201: (713, 929)
23: (930, 1022)
66: (0, 315)
105: (316, 357)
37: (358, 464)
51: (465, 712)
201: (713, 929)
23: (930, 1022)
66: (0, 315)
105: (316, 357)
37: (358, 464)
51: (465, 712)
201: (713, 929)
23: (930, 1022)
66: (0, 315)
105: (316, 357)
37: (358, 464)
51: (465, 712)
201: (713, 929)
23: (930, 1022)
66: (0, 315)
105: (316, 357)
37: (358, 464)
51: (465, 712)
201: (713, 929)
23: (930, 1022)
66: (0, 315)
105: (316, 357)
37: (358, 464)
51: (465, 712)
201: (713, 929)
23: (930, 1022)
(465, 712)
66: (0, 315)
37: (358, 464)
51: (465, 712)
201: (713, 929)
23: (930, 1022)
(0, 0)
(0, 0)
(0, 0)
123: (316, 358)
(0, 0)
(0, 0)
(0, 0)
(0, 0)
(0, 0)
(0, 0)
(0, 0)
(0, 0)
(0, 0)
(0, 0)
(0, 0)
(0, 0)
(0, 0)
(0, 0)
(0, 0)
(0, 0)
(0, 0)
(0, 0)
(0, 0)
(0, 0)
(0, 0)
(0, 0)
(0, 0)
(0, 0)
(0, 0)
(0, 0)
(0, 0)
(0, 0)
(0, 0)
(0, 0)
(0, 0)
(0, 0)
(0, 0)
(0, 0)
(0, 0)
(0, 0)
(0, 0)
(0, 0)
(0, 0)
(0, 0)
(0, 0)
(0, 0)
(0, 0)
(0, 0)
(0, 0)
(0, 0)
(0, 0)
(0, 0)
(0, 0)
(0, 0)
(0, 0)
(0, 0)
(0, 0)
(0, 0)
(0, 0)
(0, 0)
(0, 0)
(0, 0)
(0, 0)
(0, 0)
(0, 0)
(0, 0)
(0, 0)
(0, 0)
(0, 0)
(0, 0)
(0, 0)
(0, 0)
(0, 0)
(0, 0)
(0, 0)
(0, 0)
(0, 0)
(0, 0)
(0, 0)
(0, 0)
(0, 0)
(0, 0)
(0, 0)
(0, 0)
(0, 0)
(0, 0)
(0, 0)
(0, 0)
(0, 0)
(0, 0)
(0, 0)
(0, 0)
(0, 0)
(0, 0)
(0, 0)
(0, 0)
(0, 0)
(0, 0)
(0, 0)
(0, 0)
(0, 0)
(0, 0)
(0, 0)
(0, 0)
(0, 0)
(0, 0)
(0, 0)
(0, 0)
(0, 0)
(0, 0)
(0, 0)
(0, 0)
(0, 0)
(0, 0)
(0, 0)
(0, 0)
(0, 0)
(0, 0)
(0, 0)
(0, 0)
(0, 0)
(0, 0)
(0, 0)
(0, 0)
(0, 0)
(0, 0)
(0, 0)
(0, 0)
(0, 0)
(0, 0)
(0, 0)
(0, 0)
(0, 0)
(0, 0)
(0, 0)
(0, 0)
(0, 0)
(0, 0)
(0, 0)
(0, 0)
(0, 0)
(0, 0)
(0, 0)
(0, 0)
(0, 0)
(0, 0)
(0, 0)
(0, 0)
(0, 0)
(0, 0)
(0, 0)
(0, 0)
(0, 0)
(0, 0)
(0, 0)
(0, 0)
(0, 0)
(0, 0)
(0, 0)
(0, 0)
(0, 0)
(0, 0)
(0, 0)
(0, 0)
(0, 0)
(0, 0)
(0, 0)
(0, 0)
(0, 0)
(0, 0)
(0, 0)
(0, 0)
(0, 0)
(0, 0)
(0, 0)
(0, 0)
(0, 0)
66: (0, 315)
123: (316, 358)
37: (359, 464)
51: (465, 712)
201: (713, 929)
23: (930, 1022)
(0, 0)
(0, 0)
(0, 0)
(0, 0)
(0, 0)
(0, 0)
(0, 0)
(0, 0)
(0, 0)
(0, 0)
(0, 0)
(0, 0)
(0, 0)
(0, 0)
(0, 0)
(0, 0)
(0, 0)
(0, 0)
(0, 0)
(0, 0)
(0, 0)
(0, 0)
(0, 0)
(0, 0)
(0, 0)
(0, 0)
(0, 0)
(0, 0)
(0, 0)
(0, 0)
(0, 0)
(0, 0)
(0, 0)
(0, 0)
(0, 0)
(0, 0)
(0, 0)
(0, 0)
(0, 0)
(0, 0)
(0, 0)
(0, 0)
(0, 0)
(0, 0)
(0, 0)
(0, 0)
(0, 0)
(0, 0)
(0, 0)
(0, 0)
(0, 0)
(0, 0)
(0, 0)
(0, 0)
(0, 0)
(0, 0)
(0, 0)
(0, 0)
(0, 0)
(0, 0)
(0, 0)
(0, 0)
(0, 0)
(0, 0)
(0, 0)
(0, 0)
(0, 0)
(0, 0)
(0, 0)
(0, 0)
(0, 0)
(0, 0)
(0, 0)
(0, 0)
(0, 0)
(0, 0)
(0, 0)
(0, 0)
(0, 0)
(0, 0)
(0, 0)
(0, 0)
(0, 0)
(0, 0)
(0, 0)
(0, 0)
(0, 0)
(0, 0)
(0, 0)
(0, 0)
(0, 0)
(0, 0)
(0, 0)
(0, 0)
(0, 0)
(0, 0)
(0, 0)
(0, 0)
(0, 0)
(0, 0)
(0, 0)
(0, 0)
(0, 0)
(0, 0)
(0, 0)
(0, 0)
(0, 0)
(0, 0)
(0, 0)
(0, 0)
(0, 0)
(0, 0)
(0, 0)
(0, 0)
(0, 0)
(0, 0)
(0, 0)
(0, 0)
(0, 0)
(0, 0)
(0, 0)
(0, 0)
(0, 0)
(0, 0)
(0, 0)
(0, 0)
(0, 0)
(0, 0)
(0, 0)
(0, 0)
(0, 0)
(0, 0)
(0, 0)
(0, 0)
(0, 0)
(0, 0)
(0, 0)
(0, 0)
(0, 0)
(0, 0)
(0, 0)
(0, 0)
(0, 0)
(0, 0)
(0, 0)
(0, 0)
(0, 0)
(0, 0)
(0, 0)
(0, 0)
(0, 0)
(0, 0)
(0, 0)
(0, 0)
(0, 0)
(0, 0)
(0, 0)
(0, 0)
(0, 0)
(0, 0)
(0, 0)
(0, 0)
(0, 0)
(0, 0)
(0, 0)
(0, 0)
(0, 0)
(0, 0)
(0, 0)
(0, 0)
(0, 0)
66: (0, 315)
123: (316, 358)
37: (359, 464)
51: (465, 712)
201: (713, 929)
23: (930, 1022)
66: (0, 315)
123: (316, 358)
37: (359, 464)
51: (465, 712)
201: (713, 929)
23: (930, 1022)
66: (0, 315)
123: (316, 358)
37: (359, 464)
51: (465, 712)
201: (713, 929)
23: (930, 1022)
66: (0, 315)
123: (316, 358)
37: (359, 464)
51: (465, 712)
201: (713, 929)
23: (930, 1022)
(0, 0)
(0, 0)
(0, 0)
(0, 0)
(0, 0)
(0, 0)
(0, 0)
(0, 0)
(0, 0)
(0, 0)
(0, 0)
(0, 0)
(0, 0)
(0, 0)
(0, 0)
(0, 0)
(0, 0)
(0, 0)
(0, 0)
(0, 0)
(0, 0)
(0, 0)
(0, 0)
(0, 0)
(0, 0)
(0, 0)
(0, 0)
(0, 0)
(0, 0)
(0, 0)
(0, 0)
(0, 0)
(0, 0)
(0, 0)
(0, 0)
(0, 0)
(0, 0)
(0, 0)
(0, 0)
(0, 0)
(0, 0)
(0, 0)
(0, 0)
(0, 0)
(0, 0)
(0, 0)
(0, 0)
(0, 0)
(0, 0)
(0, 0)
(0, 0)
(0, 0)
(0, 0)
(0, 0)
(0, 0)
(0, 0)
(0, 0)
(0, 0)
(0, 0)
(0, 0)
(0, 0)
(0, 0)
(0, 0)
(0, 0)
(0, 0)
(0, 0)
(0, 0)
(0, 0)
(0, 0)
(0, 0)
(0, 0)
(0, 0)
(0, 0)
(0, 0)
(0, 0)
(0, 0)
(0, 0)
(0, 0)
(0, 0)
(0, 0)
(0, 0)
(0, 0)
(0, 0)
(0, 0)
(0, 0)
(0, 0)
(0, 0)
(0, 0)
(0, 0)
(0, 0)
(0, 0)
(0, 0)
(0, 0)
(0, 0)
(0, 0)
(0, 0)
(0, 0)
(0, 0)
(0, 0)
(0, 0)
(0, 0)
(0, 0)
(0, 0)
(0, 0)
(0, 0)
(0, 0)
(0, 0)
66: (0, 315)
123: (316, 358)
37: (359, 464)
51: (465, 712)
201: (713, 929)
23: (930, 1022)
123: (316, 358)
37: (359, 464)
51: (465, 712)
201: (713, 929)
23: (930, 1022)
123: (0, 42)
37: (43, 148)
51: (149, 396)
201: (397, 613)
23: (614, 706)
123: (0, 42)
37: (43, 148)
51: (149, 396)
201: (397, 613)
23: (614, 706)
123: (0, 42)
37: (43, 148)
51: (149, 396)
201: (397, 613)
23: (614, 706)
(614, 706)
123: (0, 42)
37: (43, 148)
51: (149, 396)
201: (397, 613)
23: (614, 706)
(614, 706)
123: (0, 42)
37: (43, 148)
51: (149, 396)
201: (397, 613)
23: (614, 706)
(0, 0)
245: (707, 872)
(0, 0)
(0, 0)
4: (873, 935)
(0, 0)
(0, 0)
246: (936, 967)
(0, 0)
(0, 0)
(0, 0)
(0, 0)
(0, 0)
(0, 0)
(0, 0)
(0, 0)
(0, 0)
(0, 0)
(0, 0)
(0, 0)
(0, 0)
(0, 0)
(0, 0)
(0, 0)
(0, 0)
(0, 0)
(0, 0)
(0, 0)
(0, 0)
(0, 0)
(0, 0)
(0, 0)
(0, 0)
(0, 0)
(0, 0)
(0, 0)
(0, 0)
(0, 0)
(0, 0)
(0, 0)
(0, 0)
(0, 0)
222: (968, 1014)
(0, 0)
(0, 0)
(0, 0)
(0, 0)
(0, 0)
(0, 0)
(0, 0)
(0, 0)
(0, 0)
(0, 0)
(0, 0)
(0, 0)
(0, 0)
(0, 0)
(0, 0)
(0, 0)
(0, 0)
(0, 0)
(0, 0)
(0, 0)
(0, 0)
(0, 0)
(0, 0)
(0, 0)
(0, 0)
(0, 0)
(0, 0)
(0, 0)
(0, 0)
(0, 0)
(0, 0)
(0, 0)
(0, 0)
(0, 0)
(0, 0)
(0, 0)
(0, 0)
(0, 0)
(0, 0)
(0, 0)
(0, 0)
(0, 0)
(0, 0)
(0, 0)
(0, 0)
(0, 0)
(0, 0)
(0, 0)
(0, 0)
(0, 0)
(0, 0)
(0, 0)
(0, 0)
(0, 0)
(0, 0)
(0, 0)
(0, 0)
(0, 0)
(0, 0)
(0, 0)
(0, 0)
(0, 0)
(0, 0)
86: (1015, 1023)
(0, 0)
(0, 0)
(0, 0)
(0, 0)
(0, 0)
(0, 0)
(0, 0)
(0, 0)
(0, 0)
(0, 0)
(0, 0)
(0, 0)
(0, 0)
(0, 0)
(0, 0)
(0, 0)
(0, 0)
(0, 0)
(0, 0)
(0, 0)
(0, 0)
(0, 0)
(0, 0)
(0, 0)
(0, 0)
(0, 0)
(0, 0)
(0, 0)
(0, 0)
(0, 0)
(0, 0)
(0, 0)
(0, 0)
(0, 0)
(0, 0)
(0, 0)
(0, 0)
(0, 0)
(0, 0)
(0, 0)
(0, 0)
(0, 0)
(0, 0)
(0, 0)
(0, 0)
(0, 0)
(0, 0)
(0, 0)
(0, 0)
(0, 0)
(0, 0)
(0, 0)
(0, 0)
(0, 0)
(0, 0)
(0, 0)
(0, 0)
(0, 0)
(0, 0)
(0, 0)
(0, 0)
(0, 0)
(0, 0)
(0, 0)
(0, 0)
(0, 0)
(0, 0)
(0, 0)
(0, 0)
(0, 0)
(0, 0)
(0, 0)
(0, 0)
(0, 0)
(0, 0)
(0, 0)
(0, 0)
(0, 0)
(0, 0)
(0, 0)
(0, 0)
(0, 0)
(0, 0)
(0, 0)
(0, 0)
(0, 0)
(0, 0)
(0, 0)
(0, 0)
(0, 0)
(0, 0)
(0, 0)
(0, 0)
(0, 0)
(0, 0)
(0, 0)
(0, 0)
(0, 0)
(0, 0)
(0, 0)
(0, 0)
(0, 0)
(0, 0)
(0, 0)
(0, 0)
(0, 0)
(0, 0)
(0, 0)
(0, 0)
(0, 0)
(0, 0)
(0, 0)
(0, 0)
(0, 0)
(0, 0)
(0, 0)
(0, 0)
(0, 0)
(0, 0)
(0, 0)
(0, 0)
(0, 0)
(0, 0)
(0, 0)
(0, 0)
(0, 0)
(0, 0)
(0, 0)
(0, 0)
(0, 0)
(0, 0)
(0, 0)
(0, 0)
(0, 0)
(0, 0)
(0, 0)
(0, 0)
(0, 0)
(0, 0)
(0, 0)
(0, 0)
(0, 0)
(0, 0)
(0, 0)
(0, 0)
(0, 0)
(0, 0)
(0, 0)
(0, 0)
(0, 0)
(0, 0)
(0, 0)
(0, 0)
(0, 0)
(0, 0)
(0, 0)
(0, 0)
(0, 0)
(0, 0)
(0, 0)
(0, 0)
(0, 0)
(0, 0)
(0, 0)
(0, 0)
(0, 0)
(0, 0)
(0, 0)
(0, 0)
(0, 0)
(0, 0)
(0, 0)
(0, 0)
(0, 0)
(0, 0)
(0, 0)
(0, 0)
(0, 0)
(0, 0)
(0, 0)
(0, 0)
(0, 0)
(0, 0)
(0, 0)
(0, 0)
(0, 0)
(0, 0)
(0, 0)
(0, 0)
(0, 0)
(0, 0)
(0, 0)
(0, 0)
(0, 0)
(0, 0)
(0, 0)
(0, 0)
(0, 0)
(0, 0)
(0, 0)
(0, 0)
(0, 0)
(0, 0)
(0, 0)
(0, 0)
(0, 0)
(0, 0)
(0, 0)
(0, 0)
(0, 0)
(0, 0)
(0, 0)
(0, 0)
(0, 0)
(0, 0)
(0, 0)
(0, 0)
(0, 0)
(0, 0)
(0, 0)
(0, 0)
(0, 0)
(0, 0)
(0, 0)
(0, 0)
(0, 0)
(0, 0)
(0, 0)
(0, 0)
(0, 0)
(0, 0)
(0, 0)
(0, 0)
(0, 0)
(0, 0)
(0, 0)
(0, 0)
(0, 0)
(0, 0)
(0, 0)
(0, 0)
(0, 0)
(0, 0)
(0, 0)
(0, 0)
(0, 0)
(0, 0)
(0, 0)
(0, 0)
(0, 0)
(0, 0)
(0, 0)
(0, 0)
(0, 0)
(0, 0)
(0, 0)
(0, 0)
(0, 0)
(0, 0)
(0, 0)
(0, 0)
(0, 0)
(0, 0)
(0, 0)
(0, 0)
(0, 0)
(0, 0)
(0, 0)
(0, 0)
(0, 0)
(0, 0)
(0, 0)
(0, 0)
(0, 0)
(0, 0)
(0, 0)
(0, 0)
(0, 0)
(0, 0)
(0, 0)
(0, 0)
123: (0, 42)
37: (43, 148)
51: (149, 396)
201: (397, 613)
23: (614, 706)
245: (707, 872)
4: (873, 935)
246: (936, 967)
222: (968, 1014)
86: (1015, 1023)
123: (0, 42)
37: (43, 148)
51: (149, 396)
201: (397, 613)
23: (614, 706)
245: (707, 872)
4: (873, 935)
246: (936, 967)
222: (968, 1014)
86: (1015, 1023)
(397, 613)
(1015, 1023)
(0, 0)
(0, 0)
(0, 0)
(0, 0)
(0, 0)
(0, 0)
(0, 0)
(0, 0)
(0, 0)
(0, 0)
(0, 0)
(0, 0)
(0, 0)
(0, 0)
(0, 0)
(0, 0)
(0, 0)
(0, 0)
(0, 0)
(0, 0)
(0, 0)
(0, 0)
(0, 0)
(0, 0)
(0, 0)
(0, 0)
(0, 0)
(0, 0)
(0, 0)
(0, 0)
(0, 0)
(0, 0)
(0, 0)
(0, 0)
(0, 0)
(0, 0)
(0, 0)
(0, 0)
(0, 0)
(0, 0)
(0, 0)
(0, 0)
(0, 0)
(0, 0)
(0, 0)
(0, 0)
(0, 0)
(0, 0)
(0, 0)
(0, 0)
(0, 0)
(0, 0)
(0, 0)
(0, 0)
(0, 0)
(0, 0)
(0, 0)
(0, 0)
(0, 0)
(0, 0)
(0, 0)
(0, 0)
(0, 0)
(0, 0)
(0, 0)
(0, 0)
(0, 0)
(0, 0)
(0, 0)
(0, 0)
(0, 0)
(0, 0)
(0, 0)
(0, 0)
(0, 0)
(0, 0)
(0, 0)
(0, 0)
(0, 0)
(0, 0)
(0, 0)
(0, 0)
(0, 0)
(0, 0)
(0, 0)
(0, 0)
(0, 0)
(0, 0)
(0, 0)
(0, 0)
(0, 0)
(0, 0)
(0, 0)
(0, 0)
(0, 0)
(0, 0)
(0, 0)
(0, 0)
(0, 0)
(0, 0)
(0, 0)
(0, 0)
(0, 0)
(0, 0)
(0, 0)
(0, 0)
(0, 0)
(0, 0)
(0, 0)
(0, 0)
(0, 0)
(0, 0)
(0, 0)
(0, 0)
(0, 0)
(0, 0)
(0, 0)
(0, 0)
(0, 0)
(0, 0)
(0, 0)
(0, 0)
(0, 0)
(0, 0)
(0, 0)
(0, 0)
(0, 0)
(0, 0)
(0, 0)
(0, 0)
(0, 0)
(0, 0)
(0, 0)
(0, 0)
(0, 0)
(0, 0)
(0, 0)
(0, 0)
(0, 0)
(0, 0)
(0, 0)
(0, 0)
(0, 0)
(0, 0)
(0, 0)
(0, 0)
(0, 0)
(0, 0)
(0, 0)
(0, 0)
(0, 0)
(0, 0)
(0, 0)
(0, 0)
(0, 0)
(0, 0)
(0, 0)
(0, 0)
(0, 0)
(0, 0)
(0, 0)
(0, 0)
(0, 0)
(0, 0)
(0, 0)
(0, 0)
(0, 0)
(0, 0)
(0, 0)
(0, 0)
(0, 0)
(0, 0)
(0, 0)
(0, 0)
(0, 0)
(0, 0)
(0, 0)
(0, 0)
(0, 0)
(0, 0)
(0, 0)
(0, 0)
(0, 0)
(0, 0)
(0, 0)
(0, 0)
(0, 0)
(0, 0)
(0, 0)
123: (0, 42)
37: (43, 148)
51: (149, 396)
201: (397, 613)
23: (614, 706)
245: (707, 872)
4: (873, 935)
246: (936, 967)
222: (968, 1014)
86: (1015, 1023)
(614, 706)
123: (0, 42)
37: (43, 148)
51: (149, 396)
201: (397, 613)
23: (614, 706)
245: (707, 872)
4: (873, 935)
246: (936, 967)
222: (968, 1014)
86: (1015, 1023)
(0, 0)
(0, 0)
(0, 0)
(0, 0)
(0, 0)
(0, 0)
(0, 0)
(0, 0)
(0, 0)
(0, 0)
(0, 0)
(0, 0)
(0, 0)
(0, 0)
(0, 0)
(0, 0)
(0, 0)
(0, 0)
(0, 0)
(0, 0)
(0, 0)
(0, 0)
(0, 0)
(0, 0)
(0, 0)
(0, 0)
(0, 0)
(0, 0)
(0, 0)
(0, 0)
(0, 0)
(0, 0)
(0, 0)
(0, 0)
(0, 0)
(0, 0)
(0, 0)
(0, 0)
(0, 0)
(0, 0)
(0, 0)
(0, 0)
(0, 0)
(0, 0)
(0, 0)
(0, 0)
(0, 0)
(0, 0)
(0, 0)
(0, 0)
(0, 0)
(0, 0)
(0, 0)
(0, 0)
(0, 0)
(0, 0)
(0, 0)
(0, 0)
(0, 0)
(0, 0)
(0, 0)
(0, 0)
(0, 0)
(0, 0)
(0, 0)
(0, 0)
(0, 0)
(0, 0)
(0, 0)
(0, 0)
(0, 0)
(0, 0)
(0, 0)
(0, 0)
(0, 0)
(0, 0)
(0, 0)
(0, 0)
(0, 0)
(0, 0)
(0, 0)
(0, 0)
(0, 0)
(0, 0)
(0, 0)
(0, 0)
(0, 0)
(0, 0)
(0, 0)
(0, 0)
(0, 0)
(0, 0)
(0, 0)
(0, 0)
(0, 0)
(0, 0)
(0, 0)
(0, 0)
(0, 0)
(0, 0)
(0, 0)
(0, 0)
(0, 0)
(0, 0)
(0, 0)
(0, 0)
(0, 0)
(0, 0)
(0, 0)
(0, 0)
(0, 0)
(0, 0)
(0, 0)
(0, 0)
(0, 0)
(0, 0)
(0, 0)
(0, 0)
(0, 0)
(0, 0)
(0, 0)
(0, 0)
(0, 0)
(0, 0)
(0, 0)
(0, 0)
(0, 0)
(0, 0)
(0, 0)
(0, 0)
(0, 0)
(0, 0)
(0, 0)
(0, 0)
(0, 0)
(0, 0)
(0, 0)
(0, 0)
(0, 0)
(0, 0)
(0, 0)
(0, 0)
(0, 0)
(0, 0)
(0, 0)
(0, 0)
(0, 0)
(0, 0)
(0, 0)
(0, 0)
(0, 0)
(0, 0)
(0, 0)
(0, 0)
(0, 0)
(0, 0)
(0, 0)
(0, 0)
(0, 0)
(0, 0)
(0, 0)
(0, 0)
(0, 0)
(0, 0)
(0, 0)
(0, 0)
(0, 0)
(0, 0)
(0, 0)
(0, 0)
(0, 0)
(0, 0)
(0, 0)
(0, 0)
(0, 0)
(0, 0)
(0, 0)
(0, 0)
(0, 0)
(0, 0)
(0, 0)
(0, 0)
(0, 0)
(0, 0)
(0, 0)
(0, 0)
(0, 0)
(0, 0)
(0, 0)
(0, 0)
(0, 0)
(0, 0)
(0, 0)
(0, 0)
(0, 0)
(0, 0)
(0, 0)
(0, 0)
(0, 0)
(0, 0)
(0, 0)
(0, 0)
(0, 0)
(0, 0)
(0, 0)
(0, 0)
(0, 0)
(0, 0)
(0, 0)
(0, 0)
(0, 0)
(0, 0)
(0, 0)
(0, 0)
(0, 0)
(0, 0)
(0, 0)
(0, 0)
(0, 0)
(0, 0)
(0, 0)
(0, 0)
(0, 0)
(0, 0)
(0, 0)
(0, 0)
(0, 0)
(0, 0)
(0, 0)
(0, 0)
(0, 0)
123: (0, 42)
37: (43, 148)
51: (149, 396)
201: (397, 613)
23: (614, 706)
245: (707, 872)
4: (873, 935)
246: (936, 967)
222: (968, 1014)
86: (1015, 1023)
123: (0, 42)
37: (43, 148)
51: (149, 396)
201: (397, 613)
23: (614, 706)
4: (873, 935)
246: (936, 967)
222: (968, 1014)
86: (1015, 1023)
(397, 613)
123: (0, 42)
37: (43, 148)
51: (149, 396)
201: (397, 613)
23: (614, 706)
4: (707, 769)
246: (770, 801)
222: (802, 848)
86: (849, 857)
(0, 0)
139: (858, 915)
(0, 0)
(0, 0)
(0, 0)
(0, 0)
(0, 0)
(0, 0)
120: (916, 938)
(0, 0)
(0, 0)
(0, 0)
(0, 0)
(0, 0)
(0, 0)
(0, 0)
(0, 0)
252: (939, 1020)
(0, 0)
(0, 0)
(0, 0)
(0, 0)
(0, 0)
(0, 0)
(0, 0)
(0, 0)
(0, 0)
(0, 0)
(0, 0)
(0, 0)
(0, 0)
(0, 0)
(0, 0)
(0, 0)
(0, 0)
(0, 0)
(0, 0)
(0, 0)
(0, 0)
(0, 0)
(0, 0)
(0, 0)
(0, 0)
(0, 0)
(0, 0)
(0, 0)
(0, 0)
(0, 0)
(0, 0)
(0, 0)
(0, 0)
(0, 0)
(0, 0)
(0, 0)
(0, 0)
(0, 0)
(0, 0)
(0, 0)
(0, 0)
(0, 0)
(0, 0)
(0, 0)
(0, 0)
(0, 0)
(0, 0)
(0, 0)
(0, 0)
(0, 0)
(0, 0)
(0, 0)
(0, 0)
(0, 0)
(0, 0)
(0, 0)
(0, 0)
(0, 0)
(0, 0)
(0, 0)
(0, 0)
(0, 0)
(0, 0)
(0, 0)
(0, 0)
(0, 0)
(0, 0)
(0, 0)
(0, 0)
(0, 0)
(0, 0)
(0, 0)
(0, 0)
(0, 0)
(0, 0)
(0, 0)
(0, 0)
(0, 0)
(0, 0)
(0, 0)
(0, 0)
(0, 0)
(0, 0)
(0, 0)
(0, 0)
(0, 0)
(0, 0)
(0, 0)
(0, 0)
(0, 0)
(0, 0)
(0, 0)
(0, 0)
(0, 0)
(0, 0)
(0, 0)
(0, 0)
(0, 0)
(0, 0)
(0, 0)
(0, 0)
(0, 0)
(0, 0)
(0, 0)
(0, 0)
(0, 0)
(0, 0)
(0, 0)
(0, 0)
(0, 0)
(0, 0)
(0, 0)
(0, 0)
(0, 0)
(0, 0)
(0, 0)
(0, 0)
(0, 0)
(0, 0)
(0, 0)
(0, 0)
(0, 0)
(0, 0)
(0, 0)
(0, 0)
(0, 0)
(0, 0)
(0, 0)
(0, 0)
(0, 0)
(0, 0)
(0, 0)
(0, 0)
(0, 0)
(0, 0)
(0, 0)
(0, 0)
(0, 0)
(0, 0)
(0, 0)
(0, 0)
(0, 0)
(0, 0)
(0, 0)
(0, 0)
(0, 0)
(0, 0)
(0, 0)
(0, 0)
(0, 0)
(0, 0)
(0, 0)
(0, 0)
(0, 0)
(0, 0)
(0, 0)
(916, 938)
(614, 706)
123: (0, 42)
37: (43, 148)
51: (149, 396)
201: (397, 613)
23: (614, 706)
4: (707, 769)
246: (770, 801)
222: (802, 848)
86: (849, 857)
139: (858, 915)
120: (916, 938)
252: (939, 1020)
243: (1021, 1023)
(0, 0)
(0, 0)
(0, 0)
(0, 0)
(0, 0)
(0, 0)
(0, 0)
(0, 0)
(0, 0)
(0, 0)
(0, 0)
(0, 0)
(0, 0)
(0, 0)
(0, 0)
(0, 0)
(0, 0)
(0, 0)
(0, 0)
(0, 0)
(0, 0)
(0, 0)
(0, 0)
(0, 0)
(0, 0)
(0, 0)
(0, 0)
(0, 0)
(0, 0)
(0, 0)
(0, 0)
(0, 0)
(0, 0)
(0, 0)
(0, 0)
(0, 0)
(0, 0)
(0, 0)
(0, 0)
(0, 0)
(0, 0)
(0, 0)
(0, 0)
(0, 0)
(0, 0)
(0, 0)
(0, 0)
(0, 0)
(0, 0)
(0, 0)
(0, 0)
(0, 0)
(0, 0)
(0, 0)
(0, 0)
(0, 0)
(0, 0)
(0, 0)
(0, 0)
(0, 0)
(0, 0)
(0, 0)
(0, 0)
(0, 0)
(0, 0)
(0, 0)
(0, 0)
(0, 0)
(0, 0)
(0, 0)
(0, 0)
(0, 0)
(0, 0)
(0, 0)
(0, 0)
(0, 0)
(0, 0)
(0, 0)
(0, 0)
(0, 0)
(0, 0)
(0, 0)
(0, 0)
(0, 0)
(0, 0)
(0, 0)
(0, 0)
(0, 0)
(0, 0)
(0, 0)
(0, 0)
(0, 0)
(0, 0)
(0, 0)
(0, 0)
(0, 0)
(0, 0)
(0, 0)
(0, 0)
(0, 0)
(0, 0)
(0, 0)
(0, 0)
(0, 0)
(0, 0)
(0, 0)
(0, 0)
(0, 0)
(0, 0)
(0, 0)
(0, 0)
(0, 0)
(0, 0)
(0, 0)
(0, 0)
(0, 0)
(0, 0)
(0, 0)
(0, 0)
(0, 0)
(0, 0)
(0, 0)
(0, 0)
(0, 0)
(0, 0)
(0, 0)
(0, 0)
(0, 0)
(0, 0)
(0, 0)
(0, 0)
(0, 0)
(0, 0)
(0, 0)
(0, 0)
(0, 0)
(0, 0)
(0, 0)
(0, 0)
(0, 0)
(0, 0)
(0, 0)
(0, 0)
(0, 0)
(0, 0)
(0, 0)
(0, 0)
(0, 0)
(0, 0)
(0, 0)
(0, 0)
(0, 0)
(0, 0)
(0, 0)
(0, 0)
(0, 0)
(0, 0)
(0, 0)
(0, 0)
(0, 0)
(0, 0)
(0, 0)
(0, 0)
(0, 0)
(0, 0)
(0, 0)
(0, 0)
(0, 0)
(0, 0)
(0, 0)
(0, 0)
(0, 0)
(0, 0)
(0, 0)
(0, 0)
(0, 0)
(0, 0)
(0, 0)
(0, 0)
(0, 0)
(0, 0)
(0, 0)
(0, 0)
(0, 0)
(0, 0)
(0, 0)
(0, 0)
(0, 0)
(0, 0)
(0, 0)
(0, 0)
(0, 0)
(0, 0)
(0, 0)
(0, 0)
(0, 0)
(0, 0)
(0, 0)
(0, 0)
(0, 0)
(0, 0)
(0, 0)
(0, 0)
(0, 0)
(0, 0)
(0, 0)
(0, 0)
(0, 0)
(0, 0)
(0, 0)
(0, 0)
(0, 0)
(0, 0)
(0, 0)
(0, 0)
(0, 0)
(0, 0)
(0, 0)
(0, 0)
(0, 0)
(0, 0)
(0, 0)
(0, 0)
(0, 0)
(0, 0)
(0, 0)
(0, 0)
(0, 0)
(0, 0)
(0, 0)
(0, 0)
(0, 0)
(0, 0)
(0, 0)
(0, 0)
(0, 0)
(0, 0)
(0, 0)
(0, 0)
(0, 0)
(0, 0)
(0, 0)
(0, 0)
(0, 0)
(0, 0)
(0, 0)
(0, 0)
(0, 0)
(0, 0)
(0, 0)
(0, 0)
(0, 0)
(0, 0)
(0, 0)
(0, 0)
(0, 0)
(0, 0)
(0, 0)
(0, 0)
(0, 0)
(0, 0)
(0, 0)
(0, 0)
(0, 0)
(0, 0)
(0, 0)
(0, 0)
(0, 0)
(0, 0)
(0, 0)
(0, 0)
(0, 0)
(0, 0)
(0, 0)
(0, 0)
(0, 0)
(0, 0)
(0, 0)
(0, 0)
(0, 0)
(0, 0)
(0, 0)
(0, 0)
(0, 0)
(0, 0)
(0, 0)
(0, 0)
(0, 0)
(0, 0)
(0, 0)
(0, 0)
(0, 0)
(0, 0)
(0, 0)
(0, 0)
(0, 0)
(0, 0)
(0, 0)
(0, 0)
(0, 0)
(0, 0)
(0, 0)
(0, 0)
(0, 0)
(0, 0)
(0, 0)
(0, 0)
(0, 0)
(0, 0)
(0, 0)
(0, 0)
(0, 0)
(0, 0)
(0, 0)
(0, 0)
(0, 0)
(0, 0)
(0, 0)
(0, 0)
(0, 0)
(0, 0)
(0, 0)
(0, 0)
(0, 0)
(0, 0)
(0, 0)
(0, 0)
(0, 0)
(0, 0)
(0, 0)
(0, 0)
(0, 0)
(0, 0)
(0, 0)
(0, 0)
(0, 0)
123: (0, 42)
37: (43, 148)
51: (149, 396)
201: (397, 613)
23: (614, 706)
4: (707, 769)
246: (770, 801)
86: (849, 857)
139: (858, 915)
120: (916, 938)
252: (939, 1020)
243: (1021, 1023)
123: (0, 42)
37: (43, 148)
51: (149, 396)
201: (397, 613)
23: (614, 706)
4: (707, 769)
246: (770, 801)
86: (802, 810)
139: (811, 868)
120: (869, 891)
252: (892, 973)
243: (974, 976)
123: (0, 42)
37: (43, 148)
51: (149, 396)
201: (397, 613)
23: (614, 706)
4: (707, 769)
246: (770, 801)
86: (802, 810)
139: (811, 868)
120: (869, 891)
252: (892, 973)
243: (974, 976)
123: (0, 42)
37: (43, 148)
51: (149, 396)
201: (397, 613)
23: (614, 706)
4: (707, 769)
246: (770, 801)
86: (802, 810)
139: (811, 868)
120: (869, 891)
252: (892, 973)
243: (974, 976)
123: (0, 42)
37: (43, 148)
51: (149, 396)
201: (397, 613)
23: (614, 706)
4: (707, 769)
246: (770, 801)
86: (802, 810)
139: (811, 868)
120: (869, 891)
252: (892, 973)
243: (974, 976)
123: (0, 42)
37: (43, 148)
201: (397, 613)
23: (614, 706)
4: (707, 769)
246: (770, 801)
86: (802, 810)
139: (811, 868)
120: (869, 891)
252: (892, 973)
243: (974, 976)
(0, 0)
123: (0, 42)
37: (43, 148)
201: (149, 365)
23: (366, 458)
4: (459, 521)
246: (522, 553)
86: (554, 562)
139: (563, 620)
120: (621, 643)
252: (644, 725)
243: (726, 728)
123: (0, 42)
37: (43, 148)
201: (149, 365)
23: (366, 458)
4: (459, 521)
246: (522, 553)
86: (554, 562)
139: (563, 620)
120: (621, 643)
252: (644, 725)
243: (726, 728)
123: (0, 42)
37: (43, 148)
201: (149, 365)
23: (366, 458)
4: (459, 521)
246: (522, 553)
86: (554, 562)
139: (563, 620)
120: (621, 643)
252: (644, 725)
243: (726, 728)
123: (0, 42)
37: (43, 148)
201: (149, 365)
23: (366, 458)
4: (459, 521)
246: (522, 553)
86: (554, 562)
139: (563, 620)
120: (621, 643)
252: (644, 725)
243: (726, 728)
123: (0, 42)
37: (43, 148)
201: (149, 365)
23: (366, 458)
4: (459, 521)
246: (522, 553)
86: (554, 562)
139: (563, 620)
120: (621, 643)
252: (644, 725)
243: (726, 728)
123: (0, 42)
37: (43, 148)
201: (149, 365)
23: (366, 458)
4: (459, 521)
246: (522, 553)
86: (554, 562)
139: (563, 620)
120: (621, 643)
252: (644, 725)
243: (726, 728)
(0, 0)
(0, 0)
(0, 0)
(0, 0)
119: (729, 779)
(0, 0)
(0, 0)
(0, 0)
163: (780, 961)
244: (962, 970)
(0, 0)
(0, 0)
(0, 0)
(0, 0)
(0, 0)
(0, 0)
(0, 0)
(0, 0)
(0, 0)
123: (971, 988)
(729, 779)
(962, 970)
(0, 0)
(0, 0)
(0, 0)
(0, 0)
(0, 0)
(0, 0)
(0, 0)
(0, 0)
(0, 0)
(0, 0)
(0, 0)
(0, 0)
(0, 0)
(0, 0)
(0, 0)
(0, 0)
(0, 0)
(0, 0)
(0, 0)
(0, 0)
(0, 0)
(0, 0)
(0, 0)
(0, 0)
(0, 0)
(0, 0)
123: (0, 42)
37: (43, 148)
201: (149, 365)
23: (366, 458)
4: (459, 521)
246: (522, 553)
86: (554, 562)
139: (563, 620)
120: (621, 643)
252: (644, 725)
243: (726, 728)
119: (729, 779)
163: (780, 961)
244: (962, 970)
123: (971, 988)
(554, 562)
123: (0, 42)
37: (43, 148)
201: (149, 365)
23: (366, 458)
4: (459, 521)
246: (522, 553)
86: (554, 562)
139: (563, 620)
120: (621, 643)
252: (644, 725)
243: (726, 728)
119: (729, 779)
163: (780, 961)
244: (962, 970)
123: (971, 988)
(0, 0)
(0, 0)
(0, 0)
(0, 0)
(0, 0)
(0, 0)
(0, 0)
(0, 0)
(0, 0)
(0, 0)
(0, 0)
(0, 0)
(0, 0)
(0, 0)
(0, 0)
(0, 0)
(0, 0)
(0, 0)
(0, 0)
(0, 0)
(0, 0)
(0, 0)
(0, 0)
(0, 0)
(0, 0)
(0, 0)
(0, 0)
(0, 0)
89: (989, 1020)
(0, 0)
(0, 0)
(0, 0)
(0, 0)
(0, 0)
(0, 0)
(0, 0)
(0, 0)
(0, 0)
(0, 0)
(0, 0)
(0, 0)
(0, 0)
(0, 0)
(0, 0)
(0, 0)
(0, 0)
(0, 0)
(0, 0)
(0, 0)
(0, 0)
(0, 0)
(0, 0)
(0, 0)
(0, 0)
(0, 0)
(0, 0)
(0, 0)
(0, 0)
(0, 0)
(0, 0)
(0, 0)
(0, 0)
(0, 0)
(0, 0)
(0, 0)
(0, 0)
(0, 0)
(0, 0)
(0, 0)
(0, 0)
(0, 0)
(0, 0)
(0, 0)
(0, 0)
(0, 0)
(0, 0)
(0, 0)
(0, 0)
(0, 0)
(0, 0)
(0, 0)
(0, 0)
(0, 0)
(0, 0)
(0, 0)
(0, 0)
(0, 0)
(0, 0)
(0, 0)
(0, 0)
(0, 0)
(0, 0)
(0, 0)
(0, 0)
(0, 0)
(0, 0)
(0, 0)
(0, 0)
(0, 0)
(0, 0)
(0, 0)
(0, 0)
(0, 0)
(0, 0)
(0, 0)
(0, 0)
(0, 0)
(0, 0)
123: (0, 42)
37: (43, 148)
201: (149, 365)
23: (366, 458)
4: (459, 521)
246: (522, 553)
86: (554, 562)
139: (563, 620)
120: (621, 643)
252: (644, 725)
243: (726, 728)
119: (729, 779)
163: (780, 961)
244: (962, 970)
123: (971, 988)
89: (989, 1020)
(0, 0)
(0, 0)
(0, 0)
(0, 0)
(0, 0)
(0, 0)
(0, 0)
(0, 0)
(0, 0)
(0, 0)
(0, 0)
(0, 0)
(0, 0)
(0, 0)
(0, 0)
(0, 0)
(0, 0)
(0, 0)
(0, 0)
(0, 0)
(0, 0)
(0, 0)
(0, 0)
(0, 0)
(0, 0)
(0, 0)
(0, 0)
(0, 0)
(0, 0)
(0, 0)
(0, 0)
(0, 0)
(0, 0)
(0, 0)
(0, 0)
(0, 0)
(0, 0)
(0, 0)
(0, 0)
(0, 0)
(0, 0)
(0, 0)
(0, 0)
(0, 0)
(0, 0)
(0, 0)
(0, 0)
(0, 0)
(0, 0)
(0, 0)
(0, 0)
(0, 0)
(0, 0)
(0, 0)
(0, 0)
(0, 0)
(0, 0)
(0, 0)
(0, 0)
(0, 0)
(0, 0)
(0, 0)
(0, 0)
(0, 0)
(0, 0)
(0, 0)
(0, 0)
(0, 0)
(0, 0)
(0, 0)
(0, 0)
(0, 0)
(0, 0)
(0, 0)
(0, 0)
(0, 0)
(0, 0)
(0, 0)
(0, 0)
(0, 0)
(0, 0)
(0, 0)
(0, 0)
(0, 0)
(0, 0)
(0, 0)
(0, 0)
(0, 0)
(0, 0)
(0, 0)
(0, 0)
(0, 0)
(0, 0)
(0, 0)
(0, 0)
(0, 0)
(0, 0)
(0, 0)
(0, 0)
(0, 0)
(0, 0)
(0, 0)
(0, 0)
(0, 0)
(0, 0)
(0, 0)
(0, 0)
(0, 0)
(0, 0)
(0, 0)
(0, 0)
(0, 0)
(0, 0)
(0, 0)
(0, 0)
(0, 0)
(0, 0)
(0, 0)
(0, 0)
(0, 0)
(0, 0)
(0, 0)
(0, 0)
(0, 0)
(0, 0)
(0, 0)
(0, 0)
(0, 0)
(0, 0)
(0, 0)
(0, 0)
(0, 0)
(0, 0)
(0, 0)
(0, 0)
(0, 0)
(0, 0)
(0, 0)
(0, 0)
(0, 0)
(0, 0)
(0, 0)
(0, 0)
(0, 0)
(0, 0)
(0, 0)
(0, 0)
(0, 0)
(0, 0)
(0, 0)
(0, 0)
(0, 0)
(0, 0)
(0, 0)
(0, 0)
(0, 0)
(0, 0)
(0, 0)
(0, 0)
(0, 0)
(0, 0)
(0, 0)
(0, 0)
(0, 0)
(0, 0)
(0, 0)
(0, 0)
(0, 0)
(0, 0)
(0, 0)
(0, 0)
(0, 0)
(0, 0)
(0, 0)
(0, 0)
(0, 0)
(0, 0)
(0, 0)
(0, 0)
(0, 0)
(0, 0)
(0, 0)
(0, 0)
(0, 0)
(0, 0)
(0, 0)
(0, 0)
(0, 0)
(0, 0)
(0, 0)
(0, 0)
(0, 0)
(0, 0)
(0, 0)
(0, 0)
(0, 0)
(0, 0)
(0, 0)
(0, 0)
(0, 0)
(0, 0)
(0, 0)
(0, 0)
(0, 0)
(0, 0)
(0, 0)
(0, 0)
(0, 0)
(0, 0)
(0, 0)
(0, 0)
(726, 728)
123: (0, 42)
37: (43, 148)
201: (149, 365)
23: (366, 458)
4: (459, 521)
246: (522, 553)
86: (554, 562)
139: (563, 620)
120: (621, 643)
252: (644, 725)
243: (726, 728)
119: (729, 779)
163: (780, 961)
244: (962, 970)
123: (971, 988)
89: (989, 1020)
(780, 961)
123: (0, 42)
37: (43, 148)
201: (149, 365)
23: (366, 458)
4: (459, 521)
246: (522, 553)
86: (554, 562)
120: (621, 643)
252: (644, 725)
243: (726, 728)
119: (729, 779)
163: (780, 961)
244: (962, 970)
123: (971, 988)
89: (989, 1020)
(149, 365)
(0, 0)
(0, 0)
(0, 0)
42: (563, 595)
(0, 0)
(0, 0)
(0, 0)
(0, 0)
(0, 0)
(0, 0)
(0, 0)
(0, 0)
(0, 0)
(0, 0)
(0, 0)
(0, 0)
(0, 0)
(0, 0)
(0, 0)
(0, 0)
(0, 0)
(0, 0)
(0, 0)
(0, 0)
(0, 0)
(0, 0)
(0, 0)
(0, 0)
(0, 0)
(0, 0)
(0, 0)
(0, 0)
(0, 0)
(0, 0)
(0, 0)
(0, 0)
(0, 0)
(0, 0)
(0, 0)
(0, 0)
125: (596, 610)
(0, 0)
(0, 0)
(0, 0)
(0, 0)
(0, 0)
(0, 0)
(0, 0)
(0, 0)
(0, 0)
(0, 0)
(0, 0)
(0, 0)
(0, 0)
(0, 0)
(0, 0)
(0, 0)
(0, 0)
(0, 0)
(0, 0)
(0, 0)
(0, 0)
(0, 0)
(0, 0)
(0, 0)
(0, 0)
(0, 0)
(0, 0)
(0, 0)
(0, 0)
(0, 0)
(0, 0)
(0, 0)
(0, 0)
(0, 0)
(0, 0)
(0, 0)
(0, 0)
(0, 0)
(0, 0)
(0, 0)
(0, 0)
(0, 0)
(0, 0)
(0, 0)
(0, 0)
(0, 0)
(0, 0)
(0, 0)
(0, 0)
39: (611, 621)
(0, 0)
(0, 0)
(0, 0)
(0, 0)
(0, 0)
(0, 0)
(0, 0)
(0, 0)
(0, 0)
(0, 0)
(0, 0)
(0, 0)
(0, 0)
(0, 0)
(0, 0)
(0, 0)
(0, 0)
(0, 0)
(0, 0)
(0, 0)
(0, 0)
(0, 0)
(0, 0)
(0, 0)
(0, 0)
(0, 0)
(0, 0)
(0, 0)
(0, 0)
(0, 0)
(0, 0)
(0, 0)
(0, 0)
(0, 0)
(0, 0)
(0, 0)
(0, 0)
(0, 0)
(0, 0)
(0, 0)
(0, 0)
(0, 0)
(0, 0)
(0, 0)
(0, 0)
(0, 0)
(0, 0)
(0, 0)
(0, 0)
(0, 0)
(0, 0)
(0, 0)
(0, 0)
(0, 0)
(0, 0)
123: (0, 42)
37: (43, 148)
201: (149, 365)
23: (366, 458)
4: (459, 521)
246: (522, 553)
86: (554, 562)
42: (563, 595)
125: (596, 610)
39: (611, 621)
120: (622, 643)
252: (644, 725)
243: (726, 728)
119: (729, 779)
163: (780, 961)
244: (962, 970)
123: (971, 988)
89: (989, 1020)
(554, 562)
123: (0, 42)
37: (43, 148)
201: (149, 365)
23: (366, 458)
4: (459, 521)
246: (522, 553)
42: (563, 595)
125: (596, 610)
39: (611, 621)
120: (622, 643)
252: (644, 725)
243: (726, 728)
119: (729, 779)
163: (780, 961)
244: (962, 970)
123: (971, 988)
89: (989, 1020)
(149, 365)
123: (0, 42)
37: (43, 148)
201: (149, 365)
4: (459, 521)
246: (522, 553)
42: (563, 595)
125: (596, 610)
39: (611, 621)
120: (622, 643)
252: (644, 725)
243: (726, 728)
119: (729, 779)
163: (780, 961)
244: (962, 970)
123: (971, 988)
89: (989, 1020)
123: (0, 42)
37: (43, 148)
201: (149, 365)
4: (366, 428)
246: (429, 460)
42: (461, 493)
125: (494, 508)
39: (509, 519)
120: (520, 541)
252: (542, 623)
243: (624, 626)
119: (627, 677)
163: (678, 859)
244: (860, 868)
123: (869, 886)
89: (887, 918)
123: (0, 42)
37: (43, 148)
4: (366, 428)
246: (429, 460)
42: (461, 493)
125: (494, 508)
39: (509, 519)
120: (520, 541)
252: (542, 623)
243: (624, 626)
119: (627, 677)
163: (678, 859)
244: (860, 868)
123: (869, 886)
89: (887, 918)
123: (0, 42)
37: (43, 148)
4: (149, 211)
246: (212, 243)
42: (244, 276)
125: (277, 291)
39: (292, 302)
120: (303, 324)
252: (325, 406)
243: (407, 409)
119: (410, 460)
163: (461, 642)
244: (643, 651)
123: (652, 669)
89: (670, 701)
123: (0, 42)
37: (43, 148)
4: (149, 211)
246: (212, 243)
42: (244, 276)
125: (277, 291)
39: (292, 302)
120: (303, 324)
252: (325, 406)
243: (407, 409)
119: (410, 460)
244: (643, 651)
123: (652, 669)
89: (670, 701)
123: (0, 42)
37: (43, 148)
4: (149, 211)
246: (212, 243)
42: (244, 276)
125: (277, 291)
39: (292, 302)
120: (303, 324)
252: (325, 406)
243: (407, 409)
119: (410, 460)
244: (643, 651)
123: (652, 669)
123: (0, 42)
37: (43, 148)
4: (149, 211)
246: (212, 243)
42: (244, 276)
125: (277, 291)
39: (292, 302)
120: (303, 324)
252: (325, 406)
243: (407, 409)
119: (410, 460)
244: (643, 651)
123: (652, 669)
183: (461, 527)
151: (670, 811)
70: (528, 619)
(0, 0)
(0, 0)
(0, 0)
(0, 0)
(0, 0)
(0, 0)
(0, 0)
(0, 0)
200: (812, 969)
(0, 0)
(0, 0)
(0, 0)
(0, 0)
(0, 0)
(0, 0)
(0, 0)
(0, 0)
(0, 0)
(0, 0)
58: (970, 1008)
(0, 0)
248: (620, 641)
(0, 0)
(0, 0)
(0, 0)
(0, 0)
(0, 0)
(0, 0)
(0, 0)
(0, 0)
(0, 0)
(0, 0)
(0, 0)
(0, 0)
(0, 0)
(0, 0)
(0, 0)
(0, 0)
(0, 0)
(0, 0)
(0, 0)
(0, 0)
(0, 0)
(0, 0)
(0, 0)
(0, 0)
(0, 0)
(0, 0)
(0, 0)
(0, 0)
(0, 0)
(0, 0)
(0, 0)
(0, 0)
(0, 0)
(0, 0)
(0, 0)
(0, 0)
(0, 0)
(0, 0)
(0, 0)
(0, 0)
(0, 0)
(0, 0)
(0, 0)
(0, 0)
(0, 0)
(0, 0)
(0, 0)
(0, 0)
(0, 0)
(0, 0)
(0, 0)
(0, 0)
(0, 0)
(0, 0)
(0, 0)
(0, 0)
(0, 0)
(0, 0)
(0, 0)
(0, 0)
(0, 0)
(0, 0)
(0, 0)
(0, 0)
(0, 0)
(0, 0)
(0, 0)
(0, 0)
(0, 0)
(461, 527)
123: (0, 42)
37: (43, 148)
4: (149, 211)
246: (212, 243)
42: (244, 276)
125: (277, 291)
39: (292, 302)
120: (303, 324)
252: (325, 406)
243: (407, 409)
119: (410, 460)
183: (461, 527)
70: (528, 619)
248: (620, 641)
244: (642, 650)
123: (651, 668)
151: (669, 810)
200: (811, 968)
58: (969, 1007)
123: (0, 42)
37: (43, 148)
4: (149, 211)
246: (212, 243)
42: (244, 276)
125: (277, 291)
39: (292, 302)
120: (303, 324)
252: (325, 406)
243: (407, 409)
119: (410, 460)
183: (461, 527)
70: (528, 619)
248: (620, 641)
244: (642, 650)
123: (651, 668)
151: (669, 810)
200: (811, 968)
58: (969, 1007)
(43, 148)
(0, 0)
(0, 0)
(0, 0)
(0, 0)
(0, 0)
(0, 0)
(0, 0)
228: (1008, 1009)
(0, 0)
(0, 0)
(0, 0)
(0, 0)
(0, 0)
(0, 0)
(0, 0)
(0, 0)
(0, 0)
(0, 0)
(0, 0)
(0, 0)
(0, 0)
(0, 0)
(0, 0)
(0, 0)
(0, 0)
(0, 0)
(0, 0)
(0, 0)
(0, 0)
9: (1010, 1018)
(0, 0)
(0, 0)
(0, 0)
(0, 0)
(0, 0)
(0, 0)
(0, 0)
(0, 0)
(0, 0)
(0, 0)
(0, 0)
(0, 0)
(0, 0)
(0, 0)
(0, 0)
(0, 0)
(0, 0)
(0, 0)
(0, 0)
(0, 0)
(0, 0)
(0, 0)
(0, 0)
(0, 0)
(0, 0)
(0, 0)
(0, 0)
(0, 0)
(0, 0)
(0, 0)
(0, 0)
203: (1019, 1020)
(0, 0)
(0, 0)
(0, 0)
(0, 0)
(0, 0)
(0, 0)
(0, 0)
(0, 0)
(0, 0)
(0, 0)
(0, 0)
(0, 0)
(0, 0)
(0, 0)
(0, 0)
(0, 0)
(0, 0)
(0, 0)
(0, 0)
(0, 0)
(0, 0)
(0, 0)
(0, 0)
(0, 0)
(0, 0)
123: (0, 42)
37: (43, 148)
4: (149, 211)
42: (244, 276)
125: (277, 291)
39: (292, 302)
120: (303, 324)
252: (325, 406)
243: (407, 409)
119: (410, 460)
183: (461, 527)
70: (528, 619)
248: (620, 641)
244: (642, 650)
123: (651, 668)
151: (669, 810)
200: (811, 968)
58: (969, 1007)
228: (1008, 1009)
9: (1010, 1018)
203: (1019, 1020)
(0, 0)
(0, 0)
(0, 0)
(0, 0)
(0, 0)
(0, 0)
19: (212, 239)
(0, 0)
(0, 0)
(0, 0)
(0, 0)
(0, 0)
(0, 0)
(0, 0)
(0, 0)
(0, 0)
(0, 0)
(0, 0)
(0, 0)
(0, 0)
(0, 0)
(0, 0)
(0, 0)
(0, 0)
(0, 0)
(0, 0)
(0, 0)
(0, 0)
(0, 0)
(0, 0)
(0, 0)
(0, 0)
(0, 0)
(0, 0)
(0, 0)
(0, 0)
(0, 0)
(0, 0)
(0, 0)
(0, 0)
(0, 0)
(0, 0)
(0, 0)
(0, 0)
(0, 0)
(0, 0)
(0, 0)
(0, 0)
(0, 0)
(0, 0)
(0, 0)
(0, 0)
(0, 0)
(0, 0)
(0, 0)
(0, 0)
(0, 0)
(0, 0)
(0, 0)
(0, 0)
(0, 0)
(0, 0)
(0, 0)
(0, 0)
(0, 0)
(0, 0)
(0, 0)
(0, 0)
(0, 0)
(0, 0)
(0, 0)
(0, 0)
(0, 0)
(0, 0)
(0, 0)
(0, 0)
(0, 0)
(0, 0)
(0, 0)
(0, 0)
(0, 0)
(0, 0)
(0, 0)
(0, 0)
(0, 0)
(0, 0)
(0, 0)
(0, 0)
(0, 0)
(0, 0)
(0, 0)
(0, 0)
(0, 0)
(0, 0)
(0, 0)
(0, 0)
(0, 0)
(0, 0)
(0, 0)
(0, 0)
(0, 0)
(0, 0)
(0, 0)
(0, 0)
(0, 0)
(0, 0)
(0, 0)
(0, 0)
(0, 0)
(0, 0)
(0, 0)
(0, 0)
(0, 0)
(0, 0)
(0, 0)
(0, 0)
(0, 0)
(0, 0)
(0, 0)
(0, 0)
(0, 0)
(0, 0)
(0, 0)
(0, 0)
(0, 0)
(0, 0)
(0, 0)
(0, 0)
(0, 0)
(0, 0)
(0, 0)
(0, 0)
(0, 0)
(0, 0)
(0, 0)
(0, 0)
(0, 0)
(0, 0)
(0, 0)
(0, 0)
(0, 0)
(0, 0)
(0, 0)
(0, 0)
(0, 0)
(0, 0)
(0, 0)
(0, 0)
(0, 0)
(0, 0)
(0, 0)
(0, 0)
(0, 0)
(0, 0)
(0, 0)
(0, 0)
(0, 0)
(0, 0)
(0, 0)
(0, 0)
(0, 0)
(0, 0)
(0, 0)
(0, 0)
(0, 0)
(0, 0)
(0, 0)
(0, 0)
(0, 0)
(0, 0)
(0, 0)
(0, 0)
(0, 0)
(0, 0)
(0, 0)
(0, 0)
(0, 0)
(0, 0)
(0, 0)
(0, 0)
(0, 0)
(0, 0)
(0, 0)
(0, 0)
(0, 0)
(0, 0)
(0, 0)
(0, 0)
(0, 0)
(0, 0)
(0, 0)
(0, 0)
(0, 0)
(0, 0)
(0, 0)
(0, 0)
(0, 0)
(0, 0)
(0, 0)
(0, 0)
(0, 0)
(0, 0)
(0, 0)
(0, 0)
(0, 0)
(0, 0)
(0, 0)
(0, 0)
(0, 0)
(0, 0)
(0, 0)
(0, 0)
(0, 0)
(0, 0)
(0, 0)
(0, 0)
(0, 0)
(0, 0)
(0, 0)
(0, 0)
(0, 0)
(0, 0)
123: (0, 42)
37: (43, 148)
4: (149, 211)
19: (212, 239)
42: (240, 272)
125: (273, 287)
39: (288, 298)
120: (299, 320)
252: (321, 402)
243: (403, 405)
119: (406, 456)
183: (457, 523)
70: (524, 615)
248: (616, 637)
244: (638, 646)
123: (647, 664)
151: (665, 806)
200: (807, 964)
58: (965, 1003)
228: (1004, 1005)
9: (1006, 1014)
203: (1015, 1016)
123: (0, 42)
37: (43, 148)
4: (149, 211)
19: (212, 239)
42: (240, 272)
125: (273, 287)
39: (288, 298)
120: (299, 320)
252: (321, 402)
243: (403, 405)
119: (406, 456)
183: (457, 523)
70: (524, 615)
248: (616, 637)
123: (647, 664)
151: (665, 806)
200: (807, 964)
58: (965, 1003)
228: (1004, 1005)
9: (1006, 1014)
203: (1015, 1016)
123: (0, 42)
37: (43, 148)
4: (149, 211)
19: (212, 239)
42: (240, 272)
125: (273, 287)
39: (288, 298)
120: (299, 320)
252: (321, 402)
243: (403, 405)
119: (406, 456)
183: (457, 523)
70: (524, 615)
248: (616, 637)
123: (638, 655)
151: (656, 797)
200: (798, 955)
58: (956, 994)
228: (995, 996)
9: (997, 1005)
203: (1006, 1007)
123: (0, 42)
37: (43, 148)
4: (149, 211)
19: (212, 239)
42: (240, 272)
125: (273, 287)
39: (288, 298)
120: (299, 320)
252: (321, 402)
243: (403, 405)
119: (406, 456)
183: (457, 523)
70: (524, 615)
248: (616, 637)
123: (638, 655)
151: (656, 797)
200: (798, 955)
58: (956, 994)
228: (995, 996)
9: (997, 1005)
203: (1006, 1007)
(0, 0)
(997, 1005)
(43, 148)
216: (1008, 1014)
(0, 0)
(0, 0)
(0, 0)
(0, 0)
(0, 0)
(0, 0)
(0, 0)
(0, 0)
(0, 0)
(0, 0)
(0, 0)
(0, 0)
(0, 0)
(0, 0)
(0, 0)
(0, 0)
(0, 0)
(0, 0)
(0, 0)
(0, 0)
(0, 0)
(0, 0)
(0, 0)
(0, 0)
(0, 0)
(0, 0)
(0, 0)
(0, 0)
(0, 0)
(0, 0)
(0, 0)
(0, 0)
(0, 0)
(0, 0)
(0, 0)
(0, 0)
(0, 0)
(0, 0)
(0, 0)
(0, 0)
(0, 0)
(0, 0)
(0, 0)
(0, 0)
(0, 0)
(0, 0)
(0, 0)
(0, 0)
(0, 0)
(0, 0)
(0, 0)
(0, 0)
(0, 0)
(0, 0)
(0, 0)
(0, 0)
(0, 0)
(0, 0)
(0, 0)
(0, 0)
(0, 0)
(0, 0)
(0, 0)
(0, 0)
(0, 0)
(0, 0)
(0, 0)
(0, 0)
(0, 0)
(0, 0)
(0, 0)
(0, 0)
(0, 0)
(0, 0)
(0, 0)
(0, 0)
(0, 0)
(0, 0)
(0, 0)
(0, 0)
(0, 0)
(0, 0)
(0, 0)
(0, 0)
(0, 0)
(0, 0)
(0, 0)
123: (0, 42)
37: (43, 148)
4: (149, 211)
19: (212, 239)
42: (240, 272)
125: (273, 287)
39: (288, 298)
120: (299, 320)
252: (321, 402)
243: (403, 405)
119: (406, 456)
183: (457, 523)
70: (524, 615)
248: (616, 637)
123: (638, 655)
151: (656, 797)
200: (798, 955)
58: (956, 994)
228: (995, 996)
9: (997, 1005)
203: (1006, 1007)
216: (1008, 1014)
123: (0, 42)
37: (43, 148)
4: (149, 211)
19: (212, 239)
42: (240, 272)
125: (273, 287)
39: (288, 298)
120: (299, 320)
252: (321, 402)
243: (403, 405)
119: (406, 456)
70: (524, 615)
248: (616, 637)
123: (638, 655)
151: (656, 797)
200: (798, 955)
58: (956, 994)
228: (995, 996)
9: (997, 1005)
203: (1006, 1007)
216: (1008, 1014)
(0, 0)
(0, 0)
239: (457, 480)
(0, 0)
(0, 0)
(0, 0)
(0, 0)
(0, 0)
(0, 0)
(0, 0)
(0, 0)
(0, 0)
(0, 0)
(0, 0)
(0, 0)
(0, 0)
183: (481, 509)
(0, 0)
(0, 0)
(0, 0)
(0, 0)
(0, 0)
(0, 0)
(0, 0)
(0, 0)
(0, 0)
(0, 0)
(0, 0)
(0, 0)
(0, 0)
(0, 0)
(0, 0)
(0, 0)
(0, 0)
(0, 0)
(0, 0)
(0, 0)
(0, 0)
(0, 0)
(0, 0)
(0, 0)
(0, 0)
(0, 0)
(0, 0)
(0, 0)
(0, 0)
(0, 0)
(0, 0)
(0, 0)
(0, 0)
(0, 0)
(0, 0)
(0, 0)
(0, 0)
(0, 0)
(0, 0)
(0, 0)
(0, 0)
(0, 0)
(0, 0)
(0, 0)
(0, 0)
(0, 0)
(0, 0)
(0, 0)
(0, 0)
(0, 0)
(0, 0)
(0, 0)
(0, 0)
(0, 0)
(0, 0)
(0, 0)
(0, 0)
(0, 0)
(0, 0)
(0, 0)
(0, 0)
(0, 0)
(0, 0)
(0, 0)
(0, 0)
(0, 0)
(0, 0)
(0, 0)
(0, 0)
199: (510, 521)
(0, 0)
(0, 0)
(0, 0)
(0, 0)
(0, 0)
(0, 0)
(0, 0)
(0, 0)
(0, 0)
(0, 0)
(0, 0)
(0, 0)
(0, 0)
(0, 0)
(0, 0)
(0, 0)
(0, 0)
(0, 0)
(0, 0)
(0, 0)
(0, 0)
(0, 0)
(0, 0)
(0, 0)
(0, 0)
(0, 0)
(0, 0)
(0, 0)
(0, 0)
(0, 0)
(0, 0)
(0, 0)
(0, 0)
(0, 0)
(0, 0)
(0, 0)
(0, 0)
(0, 0)
(0, 0)
(0, 0)
(0, 0)
(0, 0)
(0, 0)
(0, 0)
(0, 0)
(0, 0)
(0, 0)
(0, 0)
(0, 0)
(0, 0)
(0, 0)
127: (1015, 1023)
(0, 0)
(0, 0)
123: (0, 42)
37: (43, 148)
4: (149, 211)
19: (212, 239)
42: (240, 272)
125: (273, 287)
39: (288, 298)
120: (299, 320)
252: (321, 402)
243: (403, 405)
119: (406, 456)
239: (457, 480)
183: (481, 509)
199: (510, 521)
70: (524, 615)
248: (616, 637)
123: (638, 655)
151: (656, 797)
200: (798, 955)
58: (956, 994)
228: (995, 996)
9: (997, 1005)
203: (1006, 1007)
216: (1008, 1014)
127: (1015, 1023)
(0, 0)
(0, 0)
123: (0, 42)
37: (43, 148)
4: (149, 211)
19: (212, 239)
42: (240, 272)
125: (273, 287)
39: (288, 298)
120: (299, 320)
252: (321, 402)
243: (403, 405)
119: (406, 456)
239: (457, 480)
183: (481, 509)
199: (510, 521)
70: (522, 613)
248: (614, 635)
123: (636, 653)
151: (654, 795)
200: (796, 953)
58: (954, 992)
228: (993, 994)
9: (995, 1003)
203: (1004, 1005)
216: (1006, 1012)
127: (1013, 1021)
(0, 0)
(522, 613)
(0, 0)
(0, 0)
(0, 0)
(0, 0)
(0, 0)
(0, 0)
(0, 0)
(0, 0)
(0, 0)
(0, 0)
(0, 0)
(0, 0)
(0, 0)
(0, 0)
(0, 0)
(0, 0)
(0, 0)
(0, 0)
(0, 0)
(0, 0)
(0, 0)
(0, 0)
(0, 0)
(0, 0)
(0, 0)
(0, 0)
(0, 0)
(0, 0)
(0, 0)
(0, 0)
(0, 0)
(0, 0)
(0, 0)
(0, 0)
(0, 0)
(0, 0)
(0, 0)
(0, 0)
(0, 0)
(0, 0)
(0, 0)
(0, 0)
(0, 0)
(0, 0)
(0, 0)
(0, 0)
(0, 0)
(0, 0)
(0, 0)
(0, 0)
(0, 0)
(0, 0)
(0, 0)
(0, 0)
(0, 0)
(0, 0)
(0, 0)
(0, 0)
(0, 0)
(0, 0)
(0, 0)
(0, 0)
(0, 0)
(0, 0)
(0, 0)
(0, 0)
(0, 0)
(0, 0)
(0, 0)
(0, 0)
(0, 0)
(0, 0)
(0, 0)
(0, 0)
(0, 0)
(0, 0)
(0, 0)
(0, 0)
(0, 0)
(0, 0)
(0, 0)
(0, 0)
(0, 0)
(0, 0)
(0, 0)
(0, 0)
(0, 0)
(0, 0)
(0, 0)
(0, 0)
(0, 0)
(0, 0)
(0, 0)
123: (0, 42)
37: (43, 148)
4: (149, 211)
19: (212, 239)
42: (240, 272)
125: (273, 287)
39: (288, 298)
120: (299, 320)
252: (321, 402)
243: (403, 405)
119: (406, 456)
239: (457, 480)
183: (481, 509)
199: (510, 521)
70: (522, 613)
248: (614, 635)
123: (636, 653)
151: (654, 795)
200: (796, 953)
58: (954, 992)
228: (993, 994)
9: (995, 1003)
203: (1004, 1005)
216: (1006, 1012)
127: (1013, 1021)
(0, 42)
123: (0, 42)
37: (43, 148)
4: (149, 211)
19: (212, 239)
42: (240, 272)
125: (273, 287)
39: (288, 298)
120: (299, 320)
252: (321, 402)
243: (403, 405)
119: (406, 456)
239: (457, 480)
183: (481, 509)
199: (510, 521)
70: (522, 613)
248: (614, 635)
123: (636, 653)
151: (654, 795)
200: (796, 953)
58: (954, 992)
228: (993, 994)
9: (995, 1003)
203: (1004, 1005)
216: (1006, 1012)
127: (1013, 1021)
123: (0, 42)
37: (43, 148)
19: (212, 239)
42: (240, 272)
125: (273, 287)
39: (288, 298)
120: (299, 320)
252: (321, 402)
243: (403, 405)
119: (406, 456)
239: (457, 480)
183: (481, 509)
199: (510, 521)
70: (522, 613)
248: (614, 635)
123: (636, 653)
151: (654, 795)
200: (796, 953)
58: (954, 992)
228: (993, 994)
9: (995, 1003)
203: (1004, 1005)
216: (1006, 1012)
127: (1013, 1021)
123: (0, 42)
37: (43, 148)
19: (149, 176)
42: (177, 209)
125: (210, 224)
39: (225, 235)
120: (236, 257)
252: (258, 339)
243: (340, 342)
119: (343, 393)
239: (394, 417)
183: (418, 446)
199: (447, 458)
70: (459, 550)
248: (551, 572)
123: (573, 590)
151: (591, 732)
200: (733, 890)
58: (891, 929)
228: (930, 931)
9: (932, 940)
203: (941, 942)
216: (943, 949)
127: (950, 958)
(0, 0)
(0, 0)
(0, 0)
(0, 0)
(0, 0)
(0, 0)
(0, 0)
175: (959, 977)
(0, 0)
(0, 0)
51: (978, 982)
(0, 0)
(0, 0)
(0, 0)
(0, 0)
17: (983, 1003)
(0, 0)
(0, 0)
(0, 0)
(0, 0)
(0, 0)
(0, 0)
(0, 0)
(0, 0)
(0, 0)
(0, 0)
(0, 0)
(0, 0)
(0, 0)
(0, 0)
(0, 0)
(0, 0)
(0, 0)
(0, 0)
(0, 0)
71: (1004, 1010)
(0, 0)
(0, 0)
(0, 0)
(0, 0)
(0, 0)
(0, 0)
(0, 0)
(0, 0)
(0, 0)
(0, 0)
(0, 0)
(0, 0)
(0, 0)
(0, 0)
(0, 0)
(0, 0)
(0, 0)
(0, 0)
(0, 0)
(0, 0)
(0, 0)
(0, 0)
(0, 0)
(0, 0)
(0, 0)
(0, 0)
(0, 0)
(0, 0)
(0, 0)
(0, 0)
(0, 0)
(0, 0)
(0, 0)
(0, 0)
(0, 0)
(0, 0)
(0, 0)
(0, 0)
(0, 0)
(0, 0)
(0, 0)
(0, 0)
(0, 0)
(0, 0)
(0, 0)
(0, 0)
(0, 0)
(0, 0)
(0, 0)
(0, 0)
(0, 0)
(0, 0)
(0, 0)
(0, 0)
(0, 0)
(0, 0)
(0, 0)
(0, 0)
(0, 0)
(0, 0)
(0, 0)
(0, 0)
(0, 0)
(0, 0)
(0, 0)
(0, 0)
(0, 0)
(0, 0)
80: (1011, 1016)
(0, 0)
(0, 0)
(0, 0)
(0, 0)
(0, 0)
(0, 0)
(0, 0)
(0, 0)
(0, 0)
(0, 0)
(0, 0)
(0, 0)
(0, 0)
(0, 0)
(0, 0)
(0, 0)
(0, 0)
(0, 0)
(0, 0)
(0, 0)
123: (0, 42)
37: (43, 148)
19: (149, 176)
42: (177, 209)
125: (210, 224)
39: (225, 235)
120: (236, 257)
252: (258, 339)
243: (340, 342)
119: (343, 393)
239: (394, 417)
183: (418, 446)
199: (447, 458)
70: (459, 550)
248: (551, 572)
123: (573, 590)
151: (591, 732)
200: (733, 890)
58: (891, 929)
228: (930, 931)
9: (932, 940)
203: (941, 942)
216: (943, 949)
127: (950, 958)
175: (959, 977)
51: (978, 982)
17: (983, 1003)
71: (1004, 1010)
80: (1011, 1016)
(0, 0)
(0, 0)
(0, 0)
(0, 0)
(0, 0)
(0, 0)
(0, 0)
(0, 0)
(0, 0)
(0, 0)
(0, 0)
(0, 0)
(0, 0)
(0, 0)
(0, 0)
(0, 0)
(0, 0)
(0, 0)
(0, 0)
(0, 0)
(0, 0)
(0, 0)
(0, 0)
(0, 0)
(0, 0)
(0, 0)
(0, 0)
(0, 0)
(0, 0)
(0, 0)
(0, 0)
(0, 0)
(0, 0)
(0, 0)
(0, 0)
(0, 0)
(0, 0)
(0, 0)
123: (0, 42)
37: (43, 148)
19: (149, 176)
42: (177, 209)
125: (210, 224)
39: (225, 235)
120: (236, 257)
252: (258, 339)
243: (340, 342)
119: (343, 393)
239: (394, 417)
183: (418, 446)
199: (447, 458)
70: (459, 550)
248: (551, 572)
123: (573, 590)
151: (591, 732)
200: (733, 890)
58: (891, 929)
228: (930, 931)
9: (932, 940)
203: (941, 942)
216: (943, 949)
127: (950, 958)
175: (959, 977)
51: (978, 982)
17: (983, 1003)
71: (1004, 1010)
80: (1011, 1016)
123: (0, 42)
37: (43, 148)
19: (149, 176)
42: (177, 209)
125: (210, 224)
39: (225, 235)
120: (236, 257)
252: (258, 339)
243: (340, 342)
119: (343, 393)
239: (394, 417)
183: (418, 446)
199: (447, 458)
70: (459, 550)
248: (551, 572)
123: (573, 590)
151: (591, 732)
200: (733, 890)
58: (891, 929)
228: (930, 931)
9: (932, 940)
203: (941, 942)
216: (943, 949)
127: (950, 958)
175: (959, 977)
51: (978, 982)
17: (983, 1003)
71: (1004, 1010)
80: (1011, 1016)
123: (0, 42)
37: (43, 148)
19: (149, 176)
42: (177, 209)
125: (210, 224)
39: (225, 235)
120: (236, 257)
252: (258, 339)
243: (340, 342)
119: (343, 393)
239: (394, 417)
183: (418, 446)
199: (447, 458)
70: (459, 550)
248: (551, 572)
123: (573, 590)
151: (591, 732)
200: (733, 890)
58: (891, 929)
228: (930, 931)
9: (932, 940)
203: (941, 942)
216: (943, 949)
127: (950, 958)
175: (959, 977)
51: (978, 982)
17: (983, 1003)
71: (1004, 1010)
80: (1011, 1016)
(0, 0)
(0, 0)
(0, 0)
(0, 0)
(0, 0)
(0, 0)
(0, 0)
(0, 0)
(0, 0)
(0, 0)
(0, 0)
(0, 0)
(0, 0)
(0, 0)
(0, 0)
(0, 0)
(0, 0)
(0, 0)
(0, 0)
(0, 0)
(0, 0)
(0, 0)
(0, 0)
(0, 0)
(0, 0)
(0, 0)
(0, 0)
(0, 0)
(0, 0)
(0, 0)
(0, 0)
60: (1017, 1023)
(0, 0)
(0, 0)
(0, 0)
(0, 0)
(0, 0)
(0, 0)
(0, 0)
(0, 0)
(0, 0)
(0, 0)
123: (0, 42)
37: (43, 148)
19: (149, 176)
42: (177, 209)
125: (210, 224)
39: (225, 235)
120: (236, 257)
252: (258, 339)
243: (340, 342)
119: (343, 393)
239: (394, 417)
183: (418, 446)
199: (447, 458)
70: (459, 550)
248: (551, 572)
123: (573, 590)
151: (591, 732)
200: (733, 890)
58: (891, 929)
228: (930, 931)
9: (932, 940)
216: (943, 949)
127: (950, 958)
175: (959, 977)
51: (978, 982)
17: (983, 1003)
71: (1004, 1010)
80: (1011, 1016)
60: (1017, 1023)
123: (0, 42)
37: (43, 148)
19: (149, 176)
42: (177, 209)
125: (210, 224)
39: (225, 235)
120: (236, 257)
252: (258, 339)
243: (340, 342)
119: (343, 393)
239: (394, 417)
183: (418, 446)
199: (447, 458)
70: (459, 550)
248: (551, 572)
123: (573, 590)
151: (591, 732)
200: (733, 890)
58: (891, 929)
228: (930, 931)
9: (932, 940)
216: (941, 947)
127: (948, 956)
175: (957, 975)
51: (976, 980)
17: (981, 1001)
71: (1002, 1008)
80: (1009, 1014)
60: (1015, 1021)
(177, 209)
(1009, 1014)
(0, 0)
(0, 0)
(0, 0)
(0, 0)
(0, 0)
(0, 0)
(0, 0)
(0, 0)
(0, 0)
(0, 0)
(0, 0)
(0, 0)
(0, 0)
(0, 0)
(0, 0)
(0, 0)
(0, 0)
(0, 0)
(0, 0)
(0, 0)
(0, 0)
(0, 0)
(0, 0)
(0, 0)
(0, 0)
(0, 0)
(0, 0)
(0, 0)
(0, 0)
(0, 0)
(0, 0)
(0, 0)
(0, 0)
(0, 0)
(0, 0)
(0, 0)
(0, 0)
(0, 0)
(0, 0)
(0, 0)
(0, 0)
(0, 0)
(0, 0)
(0, 0)
(0, 0)
(0, 0)
(0, 0)
(0, 0)
(0, 0)
(0, 0)
(0, 0)
(0, 0)
(0, 0)
(0, 0)
(0, 0)
(0, 0)
(0, 0)
(0, 0)
(0, 0)
(0, 0)
(0, 0)
(0, 0)
(0, 0)
(0, 0)
(0, 0)
(0, 0)
(0, 0)
(0, 0)
(0, 0)
(0, 0)
(0, 0)
(0, 0)
(0, 0)
(0, 0)
(0, 0)
(0, 0)
(0, 0)
(0, 0)
(0, 0)
(0, 0)
(0, 0)
(0, 0)
(0, 0)
(0, 0)
(0, 0)
(0, 0)
(0, 0)
(0, 0)
(0, 0)
(0, 0)
(0, 0)
(0, 0)
(0, 0)
(0, 0)
(0, 0)
(0, 0)
(0, 0)
(0, 0)
(0, 0)
(0, 0)
(0, 0)
(0, 0)
(0, 0)
(0, 0)
(0, 0)
(0, 0)
(0, 0)
(0, 0)
(0, 0)
(0, 0)
(0, 0)
(0, 0)
(0, 0)
(0, 0)
(0, 0)
(0, 0)
(0, 0)
(0, 0)
(0, 0)
(0, 0)
(0, 0)
(0, 0)
(0, 0)
(0, 0)
(0, 0)
(0, 0)
(0, 0)
(0, 0)
(0, 0)
(0, 0)
(0, 0)
(0, 0)
(0, 0)
(0, 0)
(0, 0)
(0, 0)
(0, 0)
(0, 0)
(0, 0)
(0, 0)
(0, 0)
(0, 0)
(0, 0)
(0, 0)
123: (0, 42)
37: (43, 148)
19: (149, 176)
42: (177, 209)
125: (210, 224)
39: (225, 235)
120: (236, 257)
252: (258, 339)
243: (340, 342)
119: (343, 393)
239: (394, 417)
183: (418, 446)
199: (447, 458)
70: (459, 550)
248: (551, 572)
123: (573, 590)
151: (591, 732)
200: (733, 890)
58: (891, 929)
228: (930, 931)
9: (932, 940)
216: (941, 947)
127: (948, 956)
175: (957, 975)
51: (976, 980)
17: (981, 1001)
71: (1002, 1008)
80: (1009, 1014)
60: (1015, 1021)
123: (0, 42)
37: (43, 148)
19: (149, 176)
42: (177, 209)
125: (210, 224)
39: (225, 235)
120: (236, 257)
252: (258, 339)
243: (340, 342)
119: (343, 393)
239: (394, 417)
183: (418, 446)
199: (447, 458)
70: (459, 550)
248: (551, 572)
123: (573, 590)
151: (591, 732)
200: (733, 890)
58: (891, 929)
228: (930, 931)
9: (932, 940)
216: (941, 947)
127: (948, 956)
175: (957, 975)
51: (976, 980)
17: (981, 1001)
71: (1002, 1008)
80: (1009, 1014)
60: (1015, 1021)
123: (0, 42)
37: (43, 148)
19: (149, 176)
42: (177, 209)
125: (210, 224)
39: (225, 235)
120: (236, 257)
252: (258, 339)
243: (340, 342)
119: (343, 393)
239: (394, 417)
183: (418, 446)
199: (447, 458)
70: (459, 550)
248: (551, 572)
123: (573, 590)
151: (591, 732)
200: (733, 890)
58: (891, 929)
9: (932, 940)
216: (941, 947)
127: (948, 956)
175: (957, 975)
51: (976, 980)
17: (981, 1001)
71: (1002, 1008)
80: (1009, 1014)
60: (1015, 1021)
123: (0, 42)
37: (43, 148)
19: (149, 176)
42: (177, 209)
125: (210, 224)
39: (225, 235)
120: (236, 257)
252: (258, 339)
243: (340, 342)
239: (394, 417)
183: (418, 446)
199: (447, 458)
70: (459, 550)
248: (551, 572)
123: (573, 590)
151: (591, 732)
200: (733, 890)
58: (891, 929)
9: (932, 940)
216: (941, 947)
127: (948, 956)
175: (957, 975)
51: (976, 980)
17: (981, 1001)
71: (1002, 1008)
80: (1009, 1014)
60: (1015, 1021)
123: (0, 42)
37: (43, 148)
19: (149, 176)
42: (177, 209)
125: (210, 224)
39: (225, 235)
120: (236, 257)
252: (258, 339)
243: (340, 342)
239: (343, 366)
183: (367, 395)
199: (396, 407)
70: (408, 499)
248: (500, 521)
123: (522, 539)
151: (540, 681)
200: (682, 839)
58: (840, 878)
9: (879, 887)
216: (888, 894)
127: (895, 903)
175: (904, 922)
51: (923, 927)
17: (928, 948)
71: (949, 955)
80: (956, 961)
60: (962, 968)
(0, 0)
(0, 0)
123: (0, 42)
37: (43, 148)
19: (149, 176)
125: (210, 224)
39: (225, 235)
120: (236, 257)
252: (258, 339)
243: (340, 342)
239: (343, 366)
183: (367, 395)
199: (396, 407)
70: (408, 499)
248: (500, 521)
123: (522, 539)
151: (540, 681)
200: (682, 839)
58: (840, 878)
9: (879, 887)
216: (888, 894)
127: (895, 903)
175: (904, 922)
51: (923, 927)
17: (928, 948)
71: (949, 955)
80: (956, 961)
60: (962, 968)
123: (0, 42)
37: (43, 148)
19: (149, 176)
125: (177, 191)
39: (192, 202)
120: (203, 224)
252: (225, 306)
243: (307, 309)
239: (310, 333)
183: (334, 362)
199: (363, 374)
70: (375, 466)
248: (467, 488)
123: (489, 506)
151: (507, 648)
200: (649, 806)
58: (807, 845)
9: (846, 854)
216: (855, 861)
127: (862, 870)
175: (871, 889)
51: (890, 894)
17: (895, 915)
71: (916, 922)
80: (923, 928)
60: (929, 935)
123: (0, 42)
37: (43, 148)
19: (149, 176)
125: (177, 191)
39: (192, 202)
120: (203, 224)
252: (225, 306)
243: (307, 309)
239: (310, 333)
183: (334, 362)
199: (363, 374)
70: (375, 466)
248: (467, 488)
123: (489, 506)
151: (507, 648)
200: (649, 806)
58: (807, 845)
9: (846, 854)
216: (855, 861)
127: (862, 870)
175: (871, 889)
51: (890, 894)
17: (895, 915)
71: (916, 922)
80: (923, 928)
60: (929, 935)
(0, 0)
123: (0, 42)
37: (43, 148)
19: (149, 176)
125: (177, 191)
39: (192, 202)
120: (203, 224)
252: (225, 306)
243: (307, 309)
239: (310, 333)
183: (334, 362)
199: (363, 374)
70: (375, 466)
248: (467, 488)
123: (489, 506)
151: (507, 648)
200: (649, 806)
58: (807, 845)
9: (846, 854)
216: (855, 861)
127: (862, 870)
175: (871, 889)
51: (890, 894)
17: (895, 915)
71: (916, 922)
80: (923, 928)
60: (929, 935)
(890, 894)
(923, 928)
123: (0, 42)
37: (43, 148)
19: (149, 176)
125: (177, 191)
39: (192, 202)
120: (203, 224)
252: (225, 306)
243: (307, 309)
239: (310, 333)
183: (334, 362)
199: (363, 374)
70: (375, 466)
248: (467, 488)
123: (489, 506)
151: (507, 648)
200: (649, 806)
58: (807, 845)
9: (846, 854)
216: (855, 861)
127: (862, 870)
175: (871, 889)
51: (890, 894)
17: (895, 915)
71: (916, 922)
80: (923, 928)
60: (929, 935)
123: (0, 42)
37: (43, 148)
19: (149, 176)
125: (177, 191)
39: (192, 202)
120: (203, 224)
252: (225, 306)
243: (307, 309)
239: (310, 333)
183: (334, 362)
199: (363, 374)
70: (375, 466)
248: (467, 488)
123: (489, 506)
151: (507, 648)
200: (649, 806)
58: (807, 845)
9: (846, 854)
216: (855, 861)
127: (862, 870)
175: (871, 889)
51: (890, 894)
17: (895, 915)
71: (916, 922)
80: (923, 928)
60: (929, 935)
123: (0, 42)
37: (43, 148)
19: (149, 176)
125: (177, 191)
39: (192, 202)
120: (203, 224)
252: (225, 306)
243: (307, 309)
239: (310, 333)
183: (334, 362)
199: (363, 374)
70: (375, 466)
248: (467, 488)
123: (489, 506)
151: (507, 648)
200: (649, 806)
58: (807, 845)
9: (846, 854)
216: (855, 861)
127: (862, 870)
175: (871, 889)
51: (890, 894)
17: (895, 915)
71: (916, 922)
80: (923, 928)
60: (929, 935)
123: (0, 42)
19: (149, 176)
125: (177, 191)
39: (192, 202)
120: (203, 224)
252: (225, 306)
243: (307, 309)
239: (310, 333)
183: (334, 362)
199: (363, 374)
70: (375, 466)
248: (467, 488)
123: (489, 506)
151: (507, 648)
200: (649, 806)
58: (807, 845)
9: (846, 854)
216: (855, 861)
127: (862, 870)
175: (871, 889)
51: (890, 894)
17: (895, 915)
71: (916, 922)
80: (923, 928)
60: (929, 935)
123: (0, 42)
19: (149, 176)
125: (177, 191)
39: (192, 202)
120: (203, 224)
252: (225, 306)
243: (307, 309)
239: (310, 333)
183: (334, 362)
199: (363, 374)
248: (467, 488)
123: (489, 506)
151: (507, 648)
200: (649, 806)
58: (807, 845)
9: (846, 854)
216: (855, 861)
127: (862, 870)
175: (871, 889)
51: (890, 894)
17: (895, 915)
71: (916, 922)
80: (923, 928)
60: (929, 935)
(0, 0)
(0, 0)
(0, 0)
(0, 0)
(0, 0)
(0, 0)
(0, 0)
(0, 0)
(0, 0)
(0, 0)
(0, 0)
(0, 0)
(0, 0)
(0, 0)
(0, 0)
(0, 0)
(0, 0)
(0, 0)
(0, 0)
(0, 0)
14: (43, 55)
16: (56, 93)
(0, 0)
(0, 0)
(0, 0)
(0, 0)
(0, 0)
(0, 0)
(0, 0)
(0, 0)
(0, 0)
(0, 0)
(0, 0)
(0, 0)
(0, 0)
(0, 0)
(0, 0)
(0, 0)
(0, 0)
(0, 0)
(0, 0)
(0, 0)
(0, 0)
(0, 0)
(0, 0)
(0, 0)
(0, 0)
(0, 0)
(0, 0)
(0, 0)
(0, 0)
(0, 0)
(0, 0)
(0, 0)
(0, 0)
(0, 0)
(0, 0)
(0, 0)
(0, 0)
(0, 0)
(0, 0)
(0, 0)
87: (94, 143)
(0, 0)
(0, 0)
(0, 0)
(0, 0)
(0, 0)
56: (375, 399)
(0, 0)
(0, 0)
(0, 0)
(0, 0)
(0, 0)
(0, 0)
(0, 0)
(0, 0)
(0, 0)
(0, 0)
(0, 0)
(0, 0)
(0, 0)
(0, 0)
(0, 0)
(0, 0)
(0, 0)
142: (936, 1004)
(0, 0)
(0, 0)
(0, 0)
(0, 0)
(0, 0)
(0, 0)
27: (400, 436)
(0, 0)
(0, 0)
(0, 0)
(0, 0)
(0, 0)
(0, 0)
(0, 0)
(0, 0)
(0, 0)
(0, 0)
(0, 0)
(0, 0)
(0, 0)
(0, 0)
(0, 0)
(0, 0)
(0, 0)
(0, 0)
(0, 0)
(0, 0)
(0, 0)
(0, 0)
(0, 0)
(0, 0)
(0, 0)
(0, 0)
121: (437, 466)
(0, 0)
(0, 0)
(0, 0)
(0, 0)
(0, 0)
(0, 0)
123: (0, 42)
14: (43, 55)
16: (56, 93)
87: (94, 143)
19: (149, 176)
125: (177, 191)
39: (192, 202)
120: (203, 224)
252: (225, 306)
239: (310, 333)
183: (334, 362)
199: (363, 374)
56: (375, 399)
27: (400, 436)
121: (437, 466)
248: (467, 488)
123: (489, 506)
151: (507, 648)
200: (649, 806)
58: (807, 845)
9: (846, 854)
216: (855, 861)
127: (862, 870)
175: (871, 889)
51: (890, 894)
17: (895, 915)
71: (916, 922)
80: (923, 928)
60: (929, 935)
142: (936, 1004)
123: (0, 42)
14: (43, 55)
16: (56, 93)
87: (94, 143)
125: (177, 191)
39: (192, 202)
120: (203, 224)
252: (225, 306)
239: (310, 333)
183: (334, 362)
199: (363, 374)
56: (375, 399)
27: (400, 436)
121: (437, 466)
248: (467, 488)
123: (489, 506)
151: (507, 648)
200: (649, 806)
58: (807, 845)
9: (846, 854)
216: (855, 861)
127: (862, 870)
175: (871, 889)
51: (890, 894)
17: (895, 915)
71: (916, 922)
80: (923, 928)
60: (929, 935)
142: (936, 1004)
123: (0, 42)
14: (43, 55)
16: (56, 93)
87: (94, 143)
125: (177, 191)
39: (192, 202)
120: (203, 224)
252: (225, 306)
239: (310, 333)
183: (334, 362)
199: (363, 374)
56: (375, 399)
27: (400, 436)
121: (437, 466)
248: (467, 488)
123: (489, 506)
151: (507, 648)
200: (649, 806)
58: (807, 845)
9: (846, 854)
216: (855, 861)
127: (862, 870)
175: (871, 889)
51: (890, 894)
17: (895, 915)
71: (916, 922)
80: (923, 928)
60: (929, 935)
142: (936, 1004)
(0, 0)
(0, 0)
(0, 0)
(0, 0)
(0, 0)
(0, 0)
(0, 0)
(0, 0)
(0, 0)
(0, 0)
(0, 0)
(0, 0)
(0, 0)
(0, 0)
(0, 0)
(0, 0)
(0, 0)
(0, 0)
41: (144, 156)
(0, 0)
(0, 0)
(0, 0)
(0, 0)
(0, 0)
(0, 0)
(0, 0)
(0, 0)
(0, 0)
(0, 0)
(0, 0)
(0, 0)
(0, 0)
(0, 0)
(0, 0)
(0, 0)
(0, 0)
(0, 0)
(0, 0)
(0, 0)
(0, 0)
(0, 0)
(0, 0)
(0, 0)
(0, 0)
(0, 0)
(0, 0)
(0, 0)
(0, 0)
(0, 0)
(0, 0)
(0, 0)
(0, 0)
(0, 0)
(0, 0)
(0, 0)
(0, 0)
(0, 0)
(0, 0)
(0, 0)
(0, 0)
(0, 0)
(0, 0)
(0, 0)
(0, 0)
(0, 0)
(0, 0)
(0, 0)
(0, 0)
(0, 0)
(0, 0)
(0, 0)
(0, 0)
(0, 0)
(0, 0)
(0, 0)
(0, 0)
(0, 0)
(0, 0)
(0, 0)
(0, 0)
(0, 0)
(0, 0)
(0, 0)
(0, 0)
(0, 0)
(0, 0)
(0, 0)
(0, 0)
(0, 0)
(0, 0)
(0, 0)
(0, 0)
(0, 0)
(0, 0)
(0, 0)
(0, 0)
(0, 0)
(0, 0)
(0, 0)
(0, 0)
(0, 0)
(0, 0)
(0, 0)
(0, 0)
(0, 0)
(0, 0)
(0, 0)
(0, 0)
(0, 0)
(0, 0)
(0, 0)
(0, 0)
(0, 0)
(0, 0)
(0, 0)
233: (157, 176)
(0, 0)
(0, 0)
(0, 0)
(0, 0)
(0, 0)
(0, 0)
(0, 0)
(0, 0)
(0, 0)
(0, 0)
(0, 0)
(0, 0)
(0, 0)
(0, 0)
(0, 0)
(0, 0)
(0, 0)
(0, 0)
(0, 0)
(0, 0)
(0, 0)
(0, 0)
(0, 0)
(0, 0)
(0, 0)
(0, 0)
(0, 0)
(0, 0)
(0, 0)
(0, 0)
(0, 0)
(0, 0)
(0, 0)
(0, 0)
(0, 0)
(0, 0)
(0, 0)
(0, 0)
(0, 0)
(0, 0)
(0, 0)
(0, 0)
(0, 0)
(0, 0)
(0, 0)
(0, 0)
(0, 0)
(0, 0)
(0, 0)
(0, 0)
(0, 0)
(0, 0)
(0, 0)
(0, 0)
(0, 0)
(0, 0)
(0, 0)
(0, 0)
(0, 0)
(0, 0)
(0, 0)
(0, 0)
(0, 0)
(0, 0)
(0, 0)
(0, 0)
(0, 0)
123: (0, 42)
14: (43, 55)
16: (56, 93)
87: (94, 143)
41: (144, 156)
233: (157, 176)
125: (177, 191)
39: (192, 202)
120: (203, 224)
252: (225, 306)
239: (307, 330)
183: (331, 359)
199: (360, 371)
56: (372, 396)
27: (397, 433)
121: (434, 463)
248: (464, 485)
123: (486, 503)
151: (504, 645)
200: (646, 803)
58: (804, 842)
9: (843, 851)
216: (852, 858)
127: (859, 867)
175: (868, 886)
51: (887, 891)
17: (892, 912)
71: (913, 919)
80: (920, 925)
60: (926, 932)
142: (933, 1001)
123: (0, 42)
14: (43, 55)
16: (56, 93)
87: (94, 143)
41: (144, 156)
233: (157, 176)
125: (177, 191)
39: (192, 202)
120: (203, 224)
252: (225, 306)
239: (307, 330)
183: (331, 359)
199: (360, 371)
56: (372, 396)
27: (397, 433)
121: (434, 463)
248: (464, 485)
123: (486, 503)
151: (504, 645)
200: (646, 803)
58: (804, 842)
9: (843, 851)
216: (852, 858)
127: (859, 867)
175: (868, 886)
51: (887, 891)
17: (892, 912)
71: (913, 919)
80: (920, 925)
60: (926, 932)
142: (933, 1001)
211: (1002, 1022)
(0, 0)
(0, 0)
(0, 0)
(0, 0)
(0, 0)
(0, 0)
(0, 0)
(0, 0)
(0, 0)
(0, 0)
(0, 0)
(0, 0)
(0, 0)
(0, 0)
(0, 0)
(0, 0)
(0, 0)
(0, 0)
(0, 0)
(0, 0)
(0, 0)
(0, 0)
(0, 0)
(0, 0)
(0, 0)
(0, 0)
(0, 0)
(0, 0)
(0, 0)
(0, 0)
(0, 0)
(0, 0)
(0, 0)
(0, 0)
(0, 0)
(0, 0)
(0, 0)
(0, 0)
(0, 0)
(0, 0)
(0, 0)
(0, 0)
(0, 0)
(0, 0)
(0, 0)
(0, 0)
(0, 0)
(0, 0)
(0, 0)
(0, 0)
(0, 0)
(0, 0)
(0, 0)
(0, 0)
(0, 0)
(0, 0)
(0, 0)
(0, 0)
(0, 0)
(0, 0)
(0, 0)
(0, 0)
(0, 0)
(0, 0)
(0, 0)
(0, 0)
(0, 0)
(0, 0)
(0, 0)
(0, 0)
123: (0, 42)
14: (43, 55)
16: (56, 93)
87: (94, 143)
41: (144, 156)
233: (157, 176)
125: (177, 191)
39: (192, 202)
120: (203, 224)
252: (225, 306)
239: (307, 330)
183: (331, 359)
199: (360, 371)
56: (372, 396)
27: (397, 433)
121: (434, 463)
248: (464, 485)
123: (486, 503)
151: (504, 645)
200: (646, 803)
58: (804, 842)
216: (852, 858)
127: (859, 867)
175: (868, 886)
51: (887, 891)
17: (892, 912)
71: (913, 919)
80: (920, 925)
60: (926, 932)
142: (933, 1001)
211: (1002, 1022)
(920, 925)
(0, 0)
(0, 0)
(0, 0)
(0, 0)
(0, 0)
(0, 0)
(0, 0)
(0, 0)
(0, 0)
(0, 0)
(0, 0)
(0, 0)
(0, 0)
(0, 0)
(0, 0)
(0, 0)
(0, 0)
(0, 0)
(0, 0)
(0, 0)
(0, 0)
(0, 0)
(0, 0)
(0, 0)
(0, 0)
(0, 0)
(0, 0)
(0, 0)
(0, 0)
(0, 0)
(0, 0)
(0, 0)
(0, 0)
(0, 0)
(0, 0)
(0, 0)
(0, 0)
(0, 0)
(0, 0)
(0, 0)
(0, 0)
(0, 0)
(0, 0)
(0, 0)
(0, 0)
(0, 0)
(0, 0)
(0, 0)
(0, 0)
(0, 0)
(0, 0)
(0, 0)
(0, 0)
(0, 0)
(0, 0)
(0, 0)
(0, 0)
(0, 0)
(0, 0)
(0, 0)
(0, 0)
(0, 0)
(0, 0)
(0, 0)
(0, 0)
(0, 0)
(0, 0)
(0, 0)
(0, 0)
(0, 0)
(0, 0)
(0, 0)
(0, 0)
(0, 0)
(0, 0)
(0, 0)
(0, 0)
(0, 0)
(0, 0)
(0, 0)
(0, 0)
(0, 0)
(0, 0)
(0, 0)
(0, 0)
(0, 0)
(0, 0)
(0, 0)
(0, 0)
(0, 0)
(0, 0)
(0, 0)
(0, 0)
(0, 0)
(0, 0)
(0, 0)
(0, 0)
(0, 0)
(0, 0)
(0, 0)
(0, 0)
196: (843, 845)
(0, 0)
(0, 0)
(0, 0)
(0, 0)
(0, 0)
(0, 0)
(0, 0)
(0, 0)
(0, 0)
(0, 0)
(0, 0)
(0, 0)
(0, 0)
(0, 0)
(0, 0)
(0, 0)
(0, 0)
(0, 0)
(0, 0)
(0, 0)
(0, 0)
(0, 0)
(0, 0)
(0, 0)
(0, 0)
(0, 0)
(0, 0)
(0, 0)
(0, 0)
(0, 0)
(0, 0)
(0, 0)
(0, 0)
(0, 0)
(0, 0)
(0, 0)
(0, 0)
(0, 0)
(0, 0)
(0, 0)
(0, 0)
(0, 0)
(0, 0)
(0, 0)
(0, 0)
(0, 0)
(0, 0)
(0, 0)
(0, 0)
(0, 0)
(0, 0)
(0, 0)
(0, 0)
(0, 0)
(0, 0)
(0, 0)
(0, 0)
(0, 0)
(0, 0)
123: (0, 42)
14: (43, 55)
16: (56, 93)
87: (94, 143)
41: (144, 156)
233: (157, 176)
125: (177, 191)
39: (192, 202)
120: (203, 224)
252: (225, 306)
239: (307, 330)
183: (331, 359)
199: (360, 371)
56: (372, 396)
27: (397, 433)
121: (434, 463)
248: (464, 485)
123: (486, 503)
151: (504, 645)
200: (646, 803)
58: (804, 842)
196: (843, 845)
216: (846, 852)
127: (853, 861)
175: (862, 880)
51: (881, 885)
17: (886, 906)
71: (907, 913)
80: (914, 919)
60: (920, 926)
142: (927, 995)
211: (996, 1016)
(0, 0)
(0, 0)
(0, 0)
(0, 0)
(0, 0)
38: (1017, 1020)
(0, 0)
(0, 0)
(0, 0)
(0, 0)
(0, 0)
(0, 0)
(0, 0)
(0, 0)
(0, 0)
(0, 0)
123: (0, 42)
14: (43, 55)
16: (56, 93)
87: (94, 143)
41: (144, 156)
233: (157, 176)
125: (177, 191)
39: (192, 202)
120: (203, 224)
252: (225, 306)
239: (307, 330)
183: (331, 359)
199: (360, 371)
56: (372, 396)
27: (397, 433)
121: (434, 463)
248: (464, 485)
123: (486, 503)
151: (504, 645)
200: (646, 803)
58: (804, 842)
196: (843, 845)
216: (846, 852)
127: (853, 861)
175: (862, 880)
51: (881, 885)
17: (886, 906)
71: (907, 913)
80: (914, 919)
60: (920, 926)
142: (927, 995)
211: (996, 1016)
38: (1017, 1020)
123: (0, 42)
14: (43, 55)
16: (56, 93)
87: (94, 143)
41: (144, 156)
233: (157, 176)
125: (177, 191)
39: (192, 202)
120: (203, 224)
252: (225, 306)
239: (307, 330)
183: (331, 359)
199: (360, 371)
56: (372, 396)
27: (397, 433)
121: (434, 463)
248: (464, 485)
123: (486, 503)
151: (504, 645)
200: (646, 803)
58: (804, 842)
196: (843, 845)
127: (853, 861)
175: (862, 880)
51: (881, 885)
17: (886, 906)
71: (907, 913)
80: (914, 919)
60: (920, 926)
142: (927, 995)
211: (996, 1016)
38: (1017, 1020)
(1017, 1020)
(504, 645)
123: (0, 42)
14: (43, 55)
16: (56, 93)
87: (94, 143)
41: (144, 156)
233: (157, 176)
125: (177, 191)
39: (192, 202)
120: (203, 224)
252: (225, 306)
239: (307, 330)
183: (331, 359)
199: (360, 371)
56: (372, 396)
27: (397, 433)
121: (434, 463)
248: (464, 485)
123: (486, 503)
151: (504, 645)
200: (646, 803)
58: (804, 842)
196: (843, 845)
127: (846, 854)
175: (855, 873)
51: (874, 878)
17: (879, 899)
71: (900, 906)
80: (907, 912)
60: (913, 919)
142: (920, 988)
211: (989, 1009)
38: (1010, 1013)
123: (0, 42)
14: (43, 55)
16: (56, 93)
87: (94, 143)
41: (144, 156)
233: (157, 176)
125: (177, 191)
39: (192, 202)
120: (203, 224)
252: (225, 306)
239: (307, 330)
183: (331, 359)
199: (360, 371)
56: (372, 396)
27: (397, 433)
121: (434, 463)
248: (464, 485)
123: (486, 503)
151: (504, 645)
200: (646, 803)
58: (804, 842)
196: (843, 845)
127: (846, 854)
175: (855, 873)
51: (874, 878)
17: (879, 899)
71: (900, 906)
80: (907, 912)
60: (913, 919)
142: (920, 988)
211: (989, 1009)
38: (1010, 1013)
123: (0, 42)
14: (43, 55)
16: (56, 93)
87: (94, 143)
41: (144, 156)
233: (157, 176)
125: (177, 191)
39: (192, 202)
120: (203, 224)
252: (225, 306)
239: (307, 330)
183: (331, 359)
199: (360, 371)
56: (372, 396)
27: (397, 433)
121: (434, 463)
248: (464, 485)
123: (486, 503)
151: (504, 645)
200: (646, 803)
58: (804, 842)
127: (846, 854)
175: (855, 873)
51: (874, 878)
17: (879, 899)
71: (900, 906)
80: (907, 912)
60: (913, 919)
142: (920, 988)
211: (989, 1009)
38: (1010, 1013)
123: (0, 42)
14: (43, 55)
16: (56, 93)
87: (94, 143)
41: (144, 156)
233: (157, 176)
125: (177, 191)
39: (192, 202)
120: (203, 224)
252: (225, 306)
239: (307, 330)
183: (331, 359)
56: (372, 396)
27: (397, 433)
121: (434, 463)
248: (464, 485)
123: (486, 503)
151: (504, 645)
200: (646, 803)
58: (804, 842)
127: (846, 854)
175: (855, 873)
51: (874, 878)
17: (879, 899)
71: (900, 906)
80: (907, 912)
60: (913, 919)
142: (920, 988)
211: (989, 1009)
38: (1010, 1013)
(0, 0)
123: (0, 42)
14: (43, 55)
16: (56, 93)
87: (94, 143)
41: (144, 156)
233: (157, 176)
125: (177, 191)
39: (192, 202)
120: (203, 224)
252: (225, 306)
239: (307, 330)
183: (331, 359)
56: (360, 384)
27: (385, 421)
121: (422, 451)
248: (452, 473)
123: (474, 491)
151: (492, 633)
200: (634, 791)
58: (792, 830)
127: (831, 839)
175: (840, 858)
51: (859, 863)
17: (864, 884)
71: (885, 891)
80: (892, 897)
60: (898, 904)
142: (905, 973)
211: (974, 994)
38: (995, 998)
(0, 0)
(0, 0)
(0, 0)
(0, 0)
(0, 0)
(0, 0)
(0, 0)
(0, 0)
(0, 0)
(0, 0)
(0, 0)
(0, 0)
(0, 0)
(0, 0)
(0, 0)
(0, 0)
(0, 0)
(0, 0)
(0, 0)
(0, 0)
(0, 0)
(0, 0)
(0, 0)
(0, 0)
(0, 0)
(0, 0)
(0, 0)
(0, 0)
(0, 0)
(0, 0)
(0, 0)
(0, 0)
(0, 0)
(0, 0)
(0, 0)
(0, 0)
(0, 0)
(0, 0)
(0, 0)
(0, 0)
(0, 0)
(0, 0)
(0, 0)
(0, 0)
(0, 0)
(0, 0)
(0, 0)
(0, 0)
(0, 0)
(0, 0)
(0, 0)
(0, 0)
(0, 0)
(0, 0)
(0, 0)
(0, 0)
(0, 0)
(0, 0)
(0, 0)
(0, 0)
(0, 0)
(0, 0)
(0, 0)
(0, 0)
(0, 0)
(0, 0)
(0, 0)
(0, 0)
(0, 0)
(0, 0)
(0, 0)
(0, 0)
(0, 0)
(0, 0)
(0, 0)
(0, 0)
(0, 0)
(0, 0)
(0, 0)
(0, 0)
(0, 0)
(0, 0)
(0, 0)
(0, 0)
(0, 0)
(0, 0)
(0, 0)
(0, 0)
(0, 0)
(0, 0)
(0, 0)
(0, 0)
(0, 0)
(0, 0)
(0, 0)
91: (999, 1019)
(0, 0)
(0, 0)
(0, 0)
(0, 0)
(0, 0)
(0, 0)
(0, 0)
(0, 0)
(0, 0)
(0, 0)
(0, 0)
(0, 0)
(0, 0)
(0, 0)
(0, 0)
(0, 0)
(0, 0)
(0, 0)
(0, 0)
(0, 0)
(0, 0)
(0, 0)
123: (0, 42)
14: (43, 55)
16: (56, 93)
87: (94, 143)
41: (144, 156)
233: (157, 176)
125: (177, 191)
39: (192, 202)
120: (203, 224)
252: (225, 306)
239: (307, 330)
183: (331, 359)
56: (360, 384)
27: (385, 421)
121: (422, 451)
248: (452, 473)
123: (474, 491)
151: (492, 633)
200: (634, 791)
58: (792, 830)
127: (831, 839)
175: (840, 858)
51: (859, 863)
17: (864, 884)
71: (885, 891)
80: (892, 897)
60: (898, 904)
142: (905, 973)
211: (974, 994)
38: (995, 998)
91: (999, 1019)
123: (0, 42)
14: (43, 55)
16: (56, 93)
87: (94, 143)
41: (144, 156)
233: (157, 176)
125: (177, 191)
39: (192, 202)
120: (203, 224)
252: (225, 306)
239: (307, 330)
183: (331, 359)
27: (385, 421)
121: (422, 451)
248: (452, 473)
123: (474, 491)
151: (492, 633)
200: (634, 791)
58: (792, 830)
127: (831, 839)
175: (840, 858)
51: (859, 863)
17: (864, 884)
71: (885, 891)
80: (892, 897)
60: (898, 904)
142: (905, 973)
211: (974, 994)
38: (995, 998)
91: (999, 1019)
123: (0, 42)
14: (43, 55)
16: (56, 93)
87: (94, 143)
41: (144, 156)
233: (157, 176)
125: (177, 191)
39: (192, 202)
252: (225, 306)
239: (307, 330)
183: (331, 359)
27: (385, 421)
121: (422, 451)
248: (452, 473)
123: (474, 491)
151: (492, 633)
200: (634, 791)
58: (792, 830)
127: (831, 839)
175: (840, 858)
51: (859, 863)
17: (864, 884)
71: (885, 891)
80: (892, 897)
60: (898, 904)
142: (905, 973)
211: (974, 994)
38: (995, 998)
91: (999, 1019)
123: (0, 42)
14: (43, 55)
16: (56, 93)
87: (94, 143)
41: (144, 156)
233: (157, 176)
125: (177, 191)
39: (192, 202)
252: (225, 306)
239: (307, 330)
183: (331, 359)
27: (385, 421)
121: (422, 451)
248: (452, 473)
123: (474, 491)
151: (492, 633)
200: (634, 791)
58: (792, 830)
127: (831, 839)
175: (840, 858)
51: (859, 863)
17: (864, 884)
71: (885, 891)
80: (892, 897)
60: (898, 904)
142: (905, 973)
211: (974, 994)
38: (995, 998)
91: (999, 1019)
123: (0, 42)
14: (43, 55)
16: (56, 93)
87: (94, 143)
41: (144, 156)
233: (157, 176)
125: (177, 191)
39: (192, 202)
252: (225, 306)
239: (307, 330)
183: (331, 359)
27: (385, 421)
121: (422, 451)
248: (452, 473)
123: (474, 491)
151: (492, 633)
200: (634, 791)
58: (792, 830)
127: (831, 839)
175: (840, 858)
51: (859, 863)
17: (864, 884)
71: (885, 891)
80: (892, 897)
60: (898, 904)
142: (905, 973)
211: (974, 994)
38: (995, 998)
91: (999, 1019)
(43, 55)
(0, 0)
(0, 0)
(0, 0)
(0, 0)
(0, 0)
(0, 0)
(0, 0)
(0, 0)
(0, 0)
(0, 0)
(0, 0)
(0, 0)
(0, 0)
(0, 0)
(0, 0)
(0, 0)
(0, 0)
(0, 0)
(0, 0)
(0, 0)
(0, 0)
(0, 0)
(0, 0)
(0, 0)
(0, 0)
(0, 0)
(0, 0)
(0, 0)
(0, 0)
(0, 0)
(0, 0)
209: (203, 214)
(0, 0)
(0, 0)
(0, 0)
(0, 0)
(0, 0)
(0, 0)
(0, 0)
(0, 0)
(0, 0)
(0, 0)
(0, 0)
(0, 0)
(0, 0)
(0, 0)
(0, 0)
(0, 0)
(0, 0)
(0, 0)
(0, 0)
(0, 0)
(0, 0)
(0, 0)
(0, 0)
(0, 0)
(0, 0)
193: (215, 217)
(0, 0)
58: (360, 381)
(0, 0)
(0, 0)
(0, 0)
(0, 0)
(0, 0)
(0, 0)
251: (218, 220)
(0, 0)
(0, 0)
(0, 0)
(0, 0)
(0, 0)
(0, 0)
(0, 0)
(0, 0)
(0, 0)
(0, 0)
(0, 0)
(0, 0)
(0, 0)
(0, 0)
(0, 0)
(0, 0)
(0, 0)
(0, 0)
(0, 0)
(0, 0)
(0, 0)
(0, 0)
(0, 0)
(0, 0)
(0, 0)
(0, 0)
(0, 0)
(0, 0)
(0, 0)
(0, 0)
(0, 0)
(0, 0)
(0, 0)
(0, 0)
(0, 0)
(0, 0)
(0, 0)
(0, 0)
(0, 0)
(0, 0)
(0, 0)
(0, 0)
(0, 0)
(0, 0)
(0, 0)
(0, 0)
(0, 0)
(0, 0)
(0, 0)
(0, 0)
(0, 0)
(0, 0)
(0, 0)
(0, 0)
(0, 0)
(0, 0)
(0, 0)
(0, 0)
(0, 0)
(0, 0)
(0, 0)
(0, 0)
(0, 0)
(0, 0)
(0, 0)
(0, 0)
(0, 0)
(0, 0)
(0, 0)
(0, 0)
(0, 0)
(0, 0)
(0, 0)
(0, 0)
(0, 0)
(0, 0)
(0, 0)
(0, 0)
(0, 0)
(0, 0)
(0, 0)
(0, 0)
(0, 0)
(0, 0)
(0, 0)
(0, 0)
(0, 0)
(0, 0)
(0, 0)
(0, 0)
(0, 0)
(0, 0)
(0, 0)
(0, 0)
(0, 0)
(0, 0)
(0, 0)
(0, 0)
(0, 0)
(0, 0)
(0, 0)
(0, 0)
(0, 0)
(0, 0)
(0, 0)
(0, 0)
(0, 0)
(0, 0)
(0, 0)
(0, 0)
(0, 0)
(0, 0)
(0, 0)
(0, 0)
(0, 0)
(0, 0)
(0, 0)
(0, 0)
(0, 0)
(0, 0)
(0, 0)
(0, 0)
(0, 0)
(0, 0)
(0, 0)
(0, 0)
(0, 0)
(0, 0)
(0, 0)
(0, 0)
123: (0, 42)
14: (43, 55)
16: (56, 93)
87: (94, 143)
41: (144, 156)
233: (157, 176)
125: (177, 191)
39: (192, 202)
209: (203, 214)
193: (215, 217)
251: (218, 220)
252: (225, 306)
239: (307, 330)
183: (331, 359)
58: (360, 381)
27: (385, 421)
121: (422, 451)
123: (474, 491)
151: (492, 633)
200: (634, 791)
58: (792, 830)
127: (831, 839)
175: (840, 858)
51: (859, 863)
17: (864, 884)
71: (885, 891)
80: (892, 897)
60: (898, 904)
142: (905, 973)
211: (974, 994)
38: (995, 998)
91: (999, 1019)
123: (0, 42)
14: (43, 55)
16: (56, 93)
87: (94, 143)
41: (144, 156)
233: (157, 176)
125: (177, 191)
39: (192, 202)
209: (203, 214)
193: (215, 217)
251: (218, 220)
252: (221, 302)
239: (303, 326)
183: (327, 355)
58: (356, 377)
27: (378, 414)
121: (415, 444)
123: (445, 462)
151: (463, 604)
200: (605, 762)
58: (763, 801)
127: (802, 810)
175: (811, 829)
51: (830, 834)
17: (835, 855)
71: (856, 862)
80: (863, 868)
60: (869, 875)
142: (876, 944)
211: (945, 965)
38: (966, 969)
91: (970, 990)
110: (991, 1003)
(0, 0)
(0, 0)
(0, 0)
(0, 0)
(0, 0)
(0, 0)
(0, 0)
(0, 0)
(0, 0)
(0, 0)
(0, 0)
(0, 0)
(0, 0)
(0, 0)
(0, 0)
(0, 0)
(0, 0)
(0, 0)
(0, 0)
(0, 0)
(0, 0)
(0, 0)
(0, 0)
(0, 0)
(0, 0)
(0, 0)
(0, 0)
123: (0, 42)
14: (43, 55)
16: (56, 93)
87: (94, 143)
41: (144, 156)
233: (157, 176)
125: (177, 191)
39: (192, 202)
209: (203, 214)
193: (215, 217)
251: (218, 220)
252: (221, 302)
239: (303, 326)
183: (327, 355)
58: (356, 377)
27: (378, 414)
121: (415, 444)
123: (445, 462)
151: (463, 604)
200: (605, 762)
58: (763, 801)
127: (802, 810)
175: (811, 829)
51: (830, 834)
17: (835, 855)
71: (856, 862)
80: (863, 868)
60: (869, 875)
142: (876, 944)
211: (945, 965)
38: (966, 969)
91: (970, 990)
110: (991, 1003)
(327, 355)
(303, 326)
123: (0, 42)
14: (43, 55)
16: (56, 93)
87: (94, 143)
41: (144, 156)
233: (157, 176)
125: (177, 191)
39: (192, 202)
209: (203, 214)
193: (215, 217)
251: (218, 220)
252: (221, 302)
239: (303, 326)
183: (327, 355)
58: (356, 377)
121: (415, 444)
123: (445, 462)
151: (463, 604)
200: (605, 762)
58: (763, 801)
127: (802, 810)
175: (811, 829)
51: (830, 834)
17: (835, 855)
71: (856, 862)
80: (863, 868)
60: (869, 875)
142: (876, 944)
211: (945, 965)
38: (966, 969)
91: (970, 990)
110: (991, 1003)
123: (0, 42)
14: (43, 55)
16: (56, 93)
87: (94, 143)
41: (144, 156)
233: (157, 176)
125: (177, 191)
39: (192, 202)
209: (203, 214)
193: (215, 217)
251: (218, 220)
252: (221, 302)
239: (303, 326)
183: (327, 355)
58: (356, 377)
121: (378, 407)
123: (408, 425)
151: (426, 567)
200: (568, 725)
58: (726, 764)
127: (765, 773)
175: (774, 792)
51: (793, 797)
17: (798, 818)
71: (819, 825)
80: (826, 831)
60: (832, 838)
142: (839, 907)
211: (908, 928)
38: (929, 932)
91: (933, 953)
110: (954, 966)
123: (0, 42)
14: (43, 55)
16: (56, 93)
87: (94, 143)
41: (144, 156)
233: (157, 176)
125: (177, 191)
39: (192, 202)
209: (203, 214)
193: (215, 217)
251: (218, 220)
252: (221, 302)
239: (303, 326)
183: (327, 355)
58: (356, 377)
121: (378, 407)
123: (408, 425)
151: (426, 567)
200: (568, 725)
58: (726, 764)
127: (765, 773)
175: (774, 792)
51: (793, 797)
17: (798, 818)
71: (819, 825)
80: (826, 831)
60: (832, 838)
142: (839, 907)
211: (908, 928)
38: (929, 932)
91: (933, 953)
110: (954, 966)
(0, 0)
(0, 0)
(0, 0)
(0, 0)
(0, 0)
(0, 0)
(0, 0)
(0, 0)
(0, 0)
(0, 0)
(0, 0)
(0, 0)
(0, 0)
(0, 0)
(0, 0)
(0, 0)
(0, 0)
(0, 0)
241: (967, 981)
(0, 0)
(0, 0)
(0, 0)
(0, 0)
(0, 0)
(0, 0)
(0, 0)
(0, 0)
(0, 0)
(0, 0)
(0, 0)
(0, 0)
(0, 0)
(0, 0)
(0, 0)
(0, 0)
(0, 0)
(0, 0)
(0, 0)
(0, 0)
(0, 0)
(0, 0)
(0, 0)
(0, 0)
(0, 0)
(0, 0)
(0, 0)
(0, 0)
(0, 0)
(0, 0)
(0, 0)
(0, 0)
(0, 0)
(0, 0)
(0, 0)
(0, 0)
(0, 0)
(0, 0)
(0, 0)
(0, 0)
(0, 0)
(0, 0)
(0, 0)
(0, 0)
(0, 0)
(0, 0)
(0, 0)
32: (982, 989)
(0, 0)
(0, 0)
(0, 0)
(0, 0)
(0, 0)
(0, 0)
(0, 0)
(0, 0)
(0, 0)
(0, 0)
(0, 0)
(0, 0)
(0, 0)
(0, 0)
(0, 0)
(0, 0)
(0, 0)
(0, 0)
(0, 0)
(0, 0)
(0, 0)
(0, 0)
(0, 0)
(0, 0)
(0, 0)
(0, 0)
(0, 0)
(0, 0)
(0, 0)
(0, 0)
(0, 0)
(0, 0)
(0, 0)
(0, 0)
(0, 0)
(0, 0)
(0, 0)
(0, 0)
(0, 0)
(0, 0)
(0, 0)
(0, 0)
(0, 0)
(0, 0)
(0, 0)
(0, 0)
(0, 0)
(0, 0)
(0, 0)
(0, 0)
(0, 0)
(0, 0)
(0, 0)
(0, 0)
(0, 0)
(0, 0)
(0, 0)
(0, 0)
(0, 0)
(0, 0)
240: (990, 1014)
(0, 0)
(0, 0)
(0, 0)
(0, 0)
(0, 0)
(0, 0)
(0, 0)
(0, 0)
(0, 0)
(0, 0)
(929, 932)
123: (0, 42)
14: (43, 55)
16: (56, 93)
87: (94, 143)
41: (144, 156)
233: (157, 176)
125: (177, 191)
39: (192, 202)
209: (203, 214)
193: (215, 217)
251: (218, 220)
252: (221, 302)
239: (303, 326)
183: (327, 355)
58: (356, 377)
121: (378, 407)
123: (408, 425)
151: (426, 567)
200: (568, 725)
58: (726, 764)
127: (765, 773)
175: (774, 792)
51: (793, 797)
17: (798, 818)
71: (819, 825)
80: (826, 831)
60: (832, 838)
142: (839, 907)
211: (908, 928)
38: (929, 932)
91: (933, 953)
110: (954, 966)
241: (967, 981)
32: (982, 989)
240: (990, 1014)
123: (0, 42)
14: (43, 55)
16: (56, 93)
87: (94, 143)
41: (144, 156)
233: (157, 176)
125: (177, 191)
39: (192, 202)
209: (203, 214)
193: (215, 217)
252: (221, 302)
239: (303, 326)
183: (327, 355)
58: (356, 377)
121: (378, 407)
123: (408, 425)
151: (426, 567)
200: (568, 725)
58: (726, 764)
127: (765, 773)
175: (774, 792)
51: (793, 797)
17: (798, 818)
71: (819, 825)
80: (826, 831)
60: (832, 838)
142: (839, 907)
211: (908, 928)
38: (929, 932)
91: (933, 953)
110: (954, 966)
241: (967, 981)
32: (982, 989)
240: (990, 1014)
(0, 0)
(0, 0)
(0, 0)
(0, 0)
(0, 0)
(0, 0)
(0, 0)
(0, 0)
(0, 0)
(0, 0)
(0, 0)
(0, 0)
(0, 0)
(0, 0)
(0, 0)
(0, 0)
(0, 0)
(0, 0)
(0, 0)
(0, 0)
(0, 0)
(0, 0)
(0, 0)
(0, 0)
(0, 0)
(0, 0)
(0, 0)
(0, 0)
(0, 0)
(0, 0)
(0, 0)
(0, 0)
(0, 0)
(0, 0)
(0, 0)
(0, 0)
(0, 0)
(0, 0)
(0, 0)
(0, 0)
(0, 0)
(0, 0)
(0, 0)
(0, 0)
(0, 0)
255: (1015, 1021)
(0, 0)
(0, 0)
(0, 0)
(0, 0)
(0, 0)
(0, 0)
(0, 0)
(0, 0)
(0, 0)
(0, 0)
(0, 0)
(0, 0)
(0, 0)
(0, 0)
(0, 0)
(0, 0)
(0, 0)
(0, 0)
(0, 0)
(0, 0)
(0, 0)
(0, 0)
(0, 0)
(0, 0)
(0, 0)
(0, 0)
(0, 0)
(0, 0)
(0, 0)
(0, 0)
(0, 0)
(0, 0)
(0, 0)
(0, 0)
(0, 0)
(0, 0)
(0, 0)
(0, 0)
(0, 0)
(0, 0)
(0, 0)
(0, 0)
(0, 0)
(0, 0)
(0, 0)
(0, 0)
(0, 0)
(0, 0)
(0, 0)
(0, 0)
(0, 0)
(0, 0)
(0, 0)
(0, 0)
(0, 0)
(0, 0)
(0, 0)
(0, 0)
(0, 0)
(0, 0)
(0, 0)
(0, 0)
(0, 0)
(0, 0)
(0, 0)
(0, 0)
(0, 0)
(0, 0)
(0, 0)
(0, 0)
(0, 0)
(0, 0)
(0, 0)
(0, 0)
(0, 0)
(0, 0)
(0, 0)
(0, 0)
(0, 0)
(0, 0)
(0, 0)
(0, 0)
(0, 0)
(0, 0)
(0, 0)
(0, 0)
(0, 0)
(0, 0)
(0, 0)
(0, 0)
(0, 0)
(0, 0)
(0, 0)
(0, 0)
(0, 0)
(0, 0)
(0, 0)
(0, 0)
(0, 0)
(0, 0)
(0, 0)
(0, 0)
(0, 0)
(0, 0)
(0, 0)
(0, 0)
(0, 0)
(0, 0)
(0, 0)
(0, 0)
(0, 0)
(0, 0)
(0, 0)
(0, 0)
(0, 0)
(0, 0)
(0, 0)
(0, 0)
(0, 0)
(0, 0)
(0, 0)
(0, 0)
(0, 0)
(0, 0)
(0, 0)
(0, 0)
(0, 0)
(0, 0)
(0, 0)
(0, 0)
(0, 0)
(0, 0)
(0, 0)
(0, 0)
(0, 0)
(0, 0)
(0, 0)
(0, 0)
(0, 0)
(0, 0)
(0, 0)
(0, 0)
(0, 0)
(0, 0)
(0, 0)
(0, 0)
(0, 0)
(0, 0)
(0, 0)
(0, 0)
(0, 0)
(0, 0)
(0, 0)
(0, 0)
(0, 0)
(0, 0)
(0, 0)
(0, 0)
(0, 0)
(0, 0)
(0, 0)
(0, 0)
(0, 0)
(0, 0)
(177, 191)
(0, 0)
(0, 0)
(0, 0)
(0, 0)
(0, 0)
(0, 0)
(0, 0)
(0, 0)
(0, 0)
(0, 0)
(0, 0)
(0, 0)
(0, 0)
(0, 0)
(0, 0)
(0, 0)
(0, 0)
(0, 0)
(0, 0)
(0, 0)
(0, 0)
(0, 0)
(0, 0)
(0, 0)
(0, 0)
(0, 0)
(0, 0)
(0, 0)
(0, 0)
(0, 0)
(0, 0)
(0, 0)
(0, 0)
(0, 0)
(0, 0)
(0, 0)
(0, 0)
(0, 0)
(0, 0)
(0, 0)
(0, 0)
(0, 0)
(0, 0)
(0, 0)
(0, 0)
(0, 0)
(0, 0)
(0, 0)
(0, 0)
(0, 0)
(0, 0)
(0, 0)
(0, 0)
(0, 0)
(0, 0)
(0, 0)
(0, 0)
(0, 0)
(0, 0)
(0, 0)
(0, 0)
(0, 0)
(0, 0)
(0, 0)
(0, 0)
(0, 0)
(0, 0)
(0, 0)
(0, 0)
(0, 0)
(0, 0)
(0, 0)
(0, 0)
(0, 0)
(0, 0)
(0, 0)
(0, 0)
(0, 0)
(0, 0)
(0, 0)
(0, 0)
(0, 0)
224: (218, 219)
(0, 0)
(0, 0)
(0, 0)
(0, 0)
(0, 0)
(0, 0)
(0, 0)
(0, 0)
(0, 0)
(0, 0)
(0, 0)
(0, 0)
(0, 0)
(0, 0)
(0, 0)
(0, 0)
(0, 0)
(0, 0)
(0, 0)
(0, 0)
(0, 0)
(0, 0)
(0, 0)
(0, 0)
(0, 0)
(0, 0)
(0, 0)
(0, 0)
(0, 0)
(0, 0)
(0, 0)
(0, 0)
(0, 0)
(0, 0)
(0, 0)
(0, 0)
(0, 0)
(0, 0)
(0, 0)
(0, 0)
(0, 0)
(0, 0)
(0, 0)
(0, 0)
(0, 0)
(0, 0)
(0, 0)
(0, 0)
(0, 0)
(0, 0)
(0, 0)
(0, 0)
(0, 0)
(0, 0)
(0, 0)
(0, 0)
(0, 0)
(0, 0)
(0, 0)
(0, 0)
(0, 0)
(0, 0)
(0, 0)
(0, 0)
(0, 0)
(0, 0)
(0, 0)
(0, 0)
(0, 0)
(0, 0)
(0, 0)
(0, 0)
(0, 0)
(0, 0)
(0, 0)
(0, 0)
(0, 0)
(0, 0)
(0, 0)
(0, 0)
(0, 0)
(0, 0)
(0, 0)
(0, 0)
(0, 0)
(0, 0)
(0, 0)
(0, 0)
(0, 0)
(0, 0)
(0, 0)
(0, 0)
(0, 0)
(0, 0)
(0, 0)
(0, 0)
(0, 0)
(0, 0)
(0, 0)
(0, 0)
(0, 0)
(0, 0)
(0, 0)
(0, 0)
(0, 0)
(0, 0)
(0, 0)
(0, 0)
(0, 0)
(0, 0)
(0, 0)
(0, 0)
(0, 0)
(0, 0)
(0, 0)
(0, 0)
(0, 0)
(0, 0)
(0, 0)
(0, 0)
(0, 0)
(0, 0)
(0, 0)
(0, 0)
(0, 0)
(0, 0)
123: (0, 42)
14: (43, 55)
16: (56, 93)
87: (94, 143)
41: (144, 156)
233: (157, 176)
125: (177, 191)
39: (192, 202)
209: (203, 214)
193: (215, 217)
224: (218, 219)
252: (220, 301)
239: (302, 325)
183: (326, 354)
58: (355, 376)
121: (377, 406)
123: (407, 424)
151: (425, 566)
200: (567, 724)
58: (725, 763)
127: (764, 772)
175: (773, 791)
51: (792, 796)
17: (797, 817)
71: (818, 824)
80: (825, 830)
60: (831, 837)
142: (838, 906)
211: (907, 927)
38: (928, 931)
91: (932, 952)
110: (953, 965)
241: (966, 980)
32: (981, 988)
240: (989, 1013)
255: (1014, 1020)
123: (0, 42)
14: (43, 55)
16: (56, 93)
87: (94, 143)
41: (144, 156)
233: (157, 176)
125: (177, 191)
39: (192, 202)
209: (203, 214)
193: (215, 217)
224: (218, 219)
252: (220, 301)
239: (302, 325)
183: (326, 354)
58: (355, 376)
121: (377, 406)
123: (407, 424)
151: (425, 566)
200: (567, 724)
58: (725, 763)
127: (764, 772)
175: (773, 791)
51: (792, 796)
17: (797, 817)
71: (818, 824)
80: (825, 830)
60: (831, 837)
142: (838, 906)
211: (907, 927)
38: (928, 931)
91: (932, 952)
110: (953, 965)
241: (966, 980)
32: (981, 988)
240: (989, 1013)
255: (1014, 1020)
(0, 0)
(0, 0)
(0, 0)
(0, 0)
(0, 0)
(0, 0)
(0, 0)
(0, 0)
(0, 0)
(0, 0)
(0, 0)
(0, 0)
(0, 0)
(0, 0)
(0, 0)
(0, 0)
(0, 0)
(0, 0)
(0, 0)
(0, 0)
(0, 0)
(0, 0)
(0, 0)
(0, 0)
(0, 0)
(0, 0)
(0, 0)
(0, 0)
(0, 0)
(0, 0)
(0, 0)
(0, 0)
(0, 0)
(0, 0)
(0, 0)
(0, 0)
(0, 0)
(0, 0)
(0, 0)
(0, 0)
(0, 0)
(0, 0)
(0, 0)
(0, 0)
(0, 0)
(0, 0)
(0, 0)
(0, 0)
(0, 0)
(0, 0)
(0, 0)
(0, 0)
(0, 0)
(0, 0)
(0, 0)
(0, 0)
(0, 0)
(0, 0)
(0, 0)
(0, 0)
(0, 0)
(0, 0)
(0, 0)
(0, 0)
(0, 0)
(0, 0)
(0, 0)
(0, 0)
(0, 0)
(0, 0)
(0, 0)
(0, 0)
(0, 0)
(0, 0)
(0, 0)
(0, 0)
(0, 0)
(0, 0)
(0, 0)
(0, 0)
(0, 0)
(0, 0)
(0, 0)
(0, 0)
(0, 0)
(0, 0)
(0, 0)
(0, 0)
(0, 0)
(0, 0)
(0, 0)
(0, 0)
(0, 0)
(0, 0)
(0, 0)
(0, 0)
(0, 0)
(0, 0)
(0, 0)
(0, 0)
(0, 0)
(0, 0)
(0, 0)
(0, 0)
(0, 0)
(0, 0)
(0, 0)
(0, 0)
(0, 0)
(0, 0)
(0, 0)
(0, 0)
(0, 0)
(0, 0)
(0, 0)
(0, 0)
(0, 0)
(0, 0)
(0, 0)
(0, 0)
(0, 0)
(0, 0)
(0, 0)
(0, 0)
(0, 0)
(0, 0)
(0, 0)
(0, 0)
(0, 0)
(0, 0)
(0, 0)
(0, 0)
(0, 0)
(0, 0)
(0, 0)
(0, 0)
(0, 0)
(0, 0)
(0, 0)
(0, 0)
(0, 0)
(0, 0)
(0, 0)
(0, 0)
(0, 0)
(0, 0)
(0, 0)
(0, 0)
(0, 0)
(0, 0)
(0, 0)
(0, 0)
(0, 0)
(0, 0)
(0, 0)
(0, 0)
(0, 0)
(0, 0)
(0, 0)
(0, 0)
(0, 0)
(0, 0)
(0, 0)
(0, 0)
(0, 0)
(0, 0)
(0, 0)
(0, 0)
(0, 0)
(0, 0)
(0, 0)
(0, 0)
(0, 0)
(0, 0)
(0, 0)
(0, 0)
(0, 0)
(0, 0)
(0, 0)
(0, 0)
(0, 0)
(0, 0)
(0, 0)
(0, 0)
(0, 0)
(0, 0)
(0, 0)
(0, 0)
(0, 0)
(0, 0)
(0, 0)
(0, 0)
(0, 0)
(0, 0)
(0, 0)
(0, 0)
(0, 0)
(0, 0)
(0, 0)
(0, 0)
(0, 0)
(0, 0)
(0, 0)
(0, 0)
(0, 0)
(0, 0)
(0, 0)
(0, 0)
(0, 0)
(0, 0)
(0, 0)
(0, 0)
(0, 0)
(0, 0)
(0, 0)
(0, 0)
(0, 0)
(0, 0)
(0, 0)
(0, 0)
(0, 0)
(0, 0)
(0, 0)
(0, 0)
(0, 0)
(0, 0)
(0, 0)
(0, 0)
(0, 0)
(0, 0)
(0, 0)
(0, 0)
(0, 0)
(0, 0)
(0, 0)
(0, 0)
(0, 0)
(0, 0)
(0, 0)
(0, 0)
(0, 0)
(0, 0)
(0, 0)
(0, 0)
(0, 0)
(0, 0)
(0, 0)
(0, 0)
(0, 0)
(0, 0)
(0, 0)
(0, 0)
(0, 0)
(0, 0)
(0, 0)
(0, 0)
(0, 0)
(0, 0)
(0, 0)
(0, 0)
(0, 0)
(0, 0)
(0, 0)
(0, 0)
(0, 0)
(0, 0)
(0, 0)
(0, 0)
(0, 0)
(0, 0)
(0, 0)
(0, 0)
(0, 0)
(0, 0)
(0, 0)
(0, 0)
(0, 0)
(0, 0)
(0, 0)
(0, 0)
(0, 0)
(0, 0)
(0, 0)
(0, 0)
(0, 0)
(0, 0)
(0, 0)
(0, 0)
(0, 0)
(0, 0)
(0, 0)
(0, 0)
(0, 0)
(0, 0)
(0, 0)
(0, 0)
(0, 0)
(0, 0)
(0, 0)
(0, 0)
(0, 0)
(0, 0)
(0, 0)
(0, 0)
(0, 0)
(0, 0)
(0, 0)
(0, 0)
(0, 0)
(0, 0)
(0, 0)
(0, 0)
(0, 0)
(0, 0)
(0, 0)
(0, 0)
(0, 0)
(0, 0)
(0, 0)
(0, 0)
(0, 0)
(0, 0)
(0, 0)
(0, 0)
(0, 0)
(0, 0)
(0, 0)
(0, 0)
123: (0, 42)
14: (43, 55)
16: (56, 93)
87: (94, 143)
41: (144, 156)
233: (157, 176)
125: (177, 191)
39: (192, 202)
209: (203, 214)
193: (215, 217)
224: (218, 219)
252: (220, 301)
239: (302, 325)
183: (326, 354)
58: (355, 376)
121: (377, 406)
123: (407, 424)
151: (425, 566)
200: (567, 724)
58: (725, 763)
127: (764, 772)
175: (773, 791)
51: (792, 796)
17: (797, 817)
71: (818, 824)
80: (825, 830)
142: (838, 906)
211: (907, 927)
38: (928, 931)
91: (932, 952)
110: (953, 965)
241: (966, 980)
32: (981, 988)
240: (989, 1013)
255: (1014, 1020)
123: (0, 42)
14: (43, 55)
16: (56, 93)
87: (94, 143)
41: (144, 156)
233: (157, 176)
125: (177, 191)
39: (192, 202)
209: (203, 214)
193: (215, 217)
224: (218, 219)
252: (220, 301)
239: (302, 325)
183: (326, 354)
58: (355, 376)
121: (377, 406)
123: (407, 424)
151: (425, 566)
200: (567, 724)
58: (725, 763)
127: (764, 772)
175: (773, 791)
51: (792, 796)
17: (797, 817)
71: (818, 824)
80: (825, 830)
142: (831, 899)
211: (900, 920)
38: (921, 924)
91: (925, 945)
110: (946, 958)
241: (959, 973)
32: (974, 981)
240: (982, 1006)
255: (1007, 1013)
123: (0, 42)
14: (43, 55)
16: (56, 93)
87: (94, 143)
41: (144, 156)
233: (157, 176)
125: (177, 191)
39: (192, 202)
209: (203, 214)
193: (215, 217)
224: (218, 219)
252: (220, 301)
239: (302, 325)
183: (326, 354)
58: (355, 376)
121: (377, 406)
123: (407, 424)
151: (425, 566)
200: (567, 724)
58: (725, 763)
127: (764, 772)
175: (773, 791)
51: (792, 796)
17: (797, 817)
71: (818, 824)
80: (825, 830)
142: (831, 899)
211: (900, 920)
38: (921, 924)
91: (925, 945)
110: (946, 958)
241: (959, 973)
32: (974, 981)
240: (982, 1006)
255: (1007, 1013)
123: (0, 42)
14: (43, 55)
16: (56, 93)
87: (94, 143)
41: (144, 156)
233: (157, 176)
125: (177, 191)
39: (192, 202)
209: (203, 214)
193: (215, 217)
224: (218, 219)
252: (220, 301)
239: (302, 325)
183: (326, 354)
58: (355, 376)
121: (377, 406)
123: (407, 424)
151: (425, 566)
200: (567, 724)
58: (725, 763)
127: (764, 772)
175: (773, 791)
51: (792, 796)
17: (797, 817)
71: (818, 824)
80: (825, 830)
142: (831, 899)
211: (900, 920)
38: (921, 924)
91: (925, 945)
241: (959, 973)
32: (974, 981)
240: (982, 1006)
255: (1007, 1013)
(0, 0)
(0, 0)
(0, 0)
(0, 0)
(0, 0)
(0, 0)
(0, 0)
(0, 0)
(0, 0)
(0, 0)
(0, 0)
(0, 0)
(0, 0)
(0, 0)
(0, 0)
(0, 0)
(0, 0)
(0, 0)
(0, 0)
(0, 0)
(0, 0)
(0, 0)
(0, 0)
(0, 0)
(0, 0)
(0, 0)
(0, 0)
(0, 0)
(0, 0)
(0, 0)
(0, 0)
(0, 0)
(0, 0)
(0, 0)
(0, 0)
(0, 0)
(0, 0)
(0, 0)
(0, 0)
(0, 0)
(0, 0)
(0, 0)
(0, 0)
(0, 0)
(0, 0)
(0, 0)
(0, 0)
(0, 0)
(0, 0)
(0, 0)
(0, 0)
(0, 0)
(0, 0)
(0, 0)
(0, 0)
(0, 0)
(0, 0)
(0, 0)
(0, 0)
(0, 0)
(0, 0)
(0, 0)
(0, 0)
(0, 0)
(0, 0)
(0, 0)
(0, 0)
(0, 0)
(0, 0)
(0, 0)
2: (946, 950)
(0, 0)
(0, 0)
(0, 0)
(0, 0)
(0, 0)
(0, 0)
(0, 0)
(0, 0)
(0, 0)
(0, 0)
(0, 0)
(0, 0)
(0, 0)
(0, 0)
(0, 0)
(0, 0)
(0, 0)
(0, 0)
(0, 0)
(0, 0)
(0, 0)
(0, 0)
(0, 0)
(0, 0)
(0, 0)
(0, 0)
(0, 0)
(0, 0)
(0, 0)
(0, 0)
(0, 0)
(0, 0)
(0, 0)
(0, 0)
29: (951, 956)
(0, 0)
(0, 0)
(0, 0)
(0, 0)
(0, 0)
(0, 0)
(0, 0)
(0, 0)
(0, 0)
(0, 0)
(0, 0)
(0, 0)
(0, 0)
(0, 0)
(0, 0)
(0, 0)
(0, 0)
(0, 0)
(0, 0)
(0, 0)
(0, 0)
(0, 0)
(0, 0)
(0, 0)
(0, 0)
(0, 0)
(0, 0)
(0, 0)
(0, 0)
(0, 0)
(0, 0)
(0, 0)
(0, 0)
226: (1014, 1020)
(0, 0)
(0, 0)
(0, 0)
(0, 0)
(0, 0)
(0, 0)
(0, 0)
(0, 0)
(0, 0)
(0, 0)
(0, 0)
(0, 0)
(0, 0)
(0, 0)
(0, 0)
(0, 0)
(0, 0)
(0, 0)
(0, 0)
(0, 0)
(0, 0)
(0, 0)
(0, 0)
(0, 0)
(0, 0)
(0, 0)
(0, 0)
(0, 0)
(0, 0)
(0, 0)
(0, 0)
(0, 0)
(0, 0)
(0, 0)
(0, 0)
(0, 0)
(0, 0)
(0, 0)
(0, 0)
(0, 0)
(0, 0)
(0, 0)
(0, 0)
(0, 0)
(0, 0)
(0, 0)
(0, 0)
(0, 0)
(0, 0)
(0, 0)
(0, 0)
(0, 0)
(218, 219)
123: (0, 42)
14: (43, 55)
16: (56, 93)
87: (94, 143)
41: (144, 156)
233: (157, 176)
125: (177, 191)
39: (192, 202)
209: (203, 214)
193: (215, 217)
224: (218, 219)
252: (220, 301)
239: (302, 325)
183: (326, 354)
58: (355, 376)
121: (377, 406)
123: (407, 424)
151: (425, 566)
200: (567, 724)
58: (725, 763)
127: (764, 772)
175: (773, 791)
51: (792, 796)
17: (797, 817)
71: (818, 824)
80: (825, 830)
142: (831, 899)
211: (900, 920)
38: (921, 924)
91: (925, 945)
2: (946, 950)
29: (951, 956)
241: (957, 971)
32: (972, 979)
240: (980, 1004)
255: (1005, 1011)
226: (1012, 1018)
123: (0, 42)
14: (43, 55)
16: (56, 93)
87: (94, 143)
41: (144, 156)
233: (157, 176)
125: (177, 191)
39: (192, 202)
209: (203, 214)
193: (215, 217)
224: (218, 219)
252: (220, 301)
239: (302, 325)
183: (326, 354)
58: (355, 376)
121: (377, 406)
123: (407, 424)
151: (425, 566)
200: (567, 724)
58: (725, 763)
127: (764, 772)
175: (773, 791)
51: (792, 796)
17: (797, 817)
71: (818, 824)
80: (825, 830)
142: (831, 899)
211: (900, 920)
38: (921, 924)
91: (925, 945)
2: (946, 950)
29: (951, 956)
241: (957, 971)
32: (972, 979)
255: (1005, 1011)
226: (1012, 1018)
123: (0, 42)
14: (43, 55)
16: (56, 93)
87: (94, 143)
41: (144, 156)
233: (157, 176)
125: (177, 191)
39: (192, 202)
209: (203, 214)
193: (215, 217)
224: (218, 219)
252: (220, 301)
239: (302, 325)
183: (326, 354)
58: (355, 376)
121: (377, 406)
123: (407, 424)
151: (425, 566)
200: (567, 724)
58: (725, 763)
127: (764, 772)
175: (773, 791)
51: (792, 796)
17: (797, 817)
71: (818, 824)
80: (825, 830)
142: (831, 899)
211: (900, 920)
38: (921, 924)
91: (925, 945)
2: (946, 950)
29: (951, 956)
241: (957, 971)
32: (972, 979)
255: (980, 986)
226: (987, 993)
123: (0, 42)
14: (43, 55)
16: (56, 93)
87: (94, 143)
41: (144, 156)
233: (157, 176)
125: (177, 191)
39: (192, 202)
209: (203, 214)
193: (215, 217)
224: (218, 219)
252: (220, 301)
239: (302, 325)
183: (326, 354)
58: (355, 376)
121: (377, 406)
123: (407, 424)
151: (425, 566)
200: (567, 724)
58: (725, 763)
127: (764, 772)
175: (773, 791)
51: (792, 796)
17: (797, 817)
71: (818, 824)
80: (825, 830)
142: (831, 899)
211: (900, 920)
38: (921, 924)
91: (925, 945)
2: (946, 950)
29: (951, 956)
241: (957, 971)
32: (972, 979)
255: (980, 986)
226: (987, 993)
(0, 0)
(0, 0)
(0, 0)
(0, 0)
(0, 0)
(0, 0)
(0, 0)
(0, 0)
(0, 0)
(0, 0)
(0, 0)
(0, 0)
(0, 0)
(0, 0)
(0, 0)
(0, 0)
(0, 0)
(0, 0)
(0, 0)
(0, 0)
(0, 0)
(0, 0)
5: (994, 1010)
(0, 0)
(0, 0)
(0, 0)
(0, 0)
230: (1011, 1022)
(0, 0)
(0, 0)
(0, 0)
(0, 0)
(0, 0)
(0, 0)
(0, 0)
(0, 0)
(0, 0)
(0, 0)
(0, 0)
(0, 0)
(0, 0)
(0, 0)
(0, 0)
(0, 0)
(0, 0)
(0, 0)
(0, 0)
(0, 0)
(0, 0)
(0, 0)
(0, 0)
(0, 0)
(0, 0)
(0, 0)
(0, 0)
(0, 0)
(0, 0)
(0, 0)
(0, 0)
(0, 0)
(0, 0)
(0, 0)
(0, 0)
(0, 0)
(0, 0)
(0, 0)
(0, 0)
(0, 0)
(0, 0)
(0, 0)
(0, 0)
(0, 0)
(0, 0)
(0, 0)
(0, 0)
(0, 0)
(0, 0)
(0, 0)
(0, 0)
(0, 0)
(0, 0)
(0, 0)
(0, 0)
(0, 0)
(0, 0)
(0, 0)
(0, 0)
(0, 0)
(0, 0)
(0, 0)
(0, 0)
(0, 0)
(0, 0)
(0, 0)
(0, 0)
(0, 0)
(0, 0)
(0, 0)
(0, 0)
(0, 0)
(0, 0)
(0, 0)
(0, 0)
(0, 0)
(0, 0)
(0, 0)
(0, 0)
(0, 0)
(0, 0)
(0, 0)
(0, 0)
(0, 0)
(0, 0)
(0, 0)
(0, 0)
(0, 0)
(0, 0)
(0, 0)
(0, 0)
(0, 0)
(0, 0)
(0, 0)
(0, 0)
(0, 0)
(0, 0)
(0, 0)
(0, 0)
(0, 0)
(0, 0)
(0, 0)
(0, 0)
(0, 0)
(0, 0)
(0, 0)
(0, 0)
(0, 0)
(0, 0)
(0, 0)
(0, 0)
(0, 0)
(0, 0)
(0, 0)
(0, 0)
(0, 0)
(0, 0)
(0, 0)
(792, 796)
123: (0, 42)
14: (43, 55)
16: (56, 93)
87: (94, 143)
41: (144, 156)
233: (157, 176)
125: (177, 191)
39: (192, 202)
209: (203, 214)
224: (218, 219)
252: (220, 301)
239: (302, 325)
183: (326, 354)
58: (355, 376)
121: (377, 406)
123: (407, 424)
151: (425, 566)
200: (567, 724)
58: (725, 763)
127: (764, 772)
175: (773, 791)
51: (792, 796)
17: (797, 817)
71: (818, 824)
80: (825, 830)
142: (831, 899)
211: (900, 920)
38: (921, 924)
91: (925, 945)
2: (946, 950)
29: (951, 956)
241: (957, 971)
32: (972, 979)
255: (980, 986)
226: (987, 993)
5: (994, 1010)
230: (1011, 1022)
(0, 0)
(951, 956)
(0, 0)
(0, 0)
(0, 0)
(0, 0)
(0, 0)
(0, 0)
(0, 0)
(0, 0)
(0, 0)
(0, 0)
(0, 0)
(0, 0)
(0, 0)
(0, 0)
(0, 0)
(0, 0)
(0, 0)
(0, 0)
(0, 0)
(0, 0)
(0, 0)
(0, 0)
(0, 0)
(0, 0)
(0, 0)
(0, 0)
(0, 0)
(0, 0)
(0, 0)
(0, 0)
(0, 0)
(0, 0)
(0, 0)
(0, 0)
(0, 0)
(0, 0)
(0, 0)
(0, 0)
(0, 0)
(0, 0)
(0, 0)
(0, 0)
(0, 0)
(0, 0)
(0, 0)
(0, 0)
(0, 0)
(0, 0)
(0, 0)
(0, 0)
(0, 0)
(0, 0)
(0, 0)
(0, 0)
(0, 0)
(0, 0)
(0, 0)
(0, 0)
(0, 0)
(0, 0)
(0, 0)
(0, 0)
(0, 0)
(0, 0)
(0, 0)
(0, 0)
(0, 0)
(0, 0)
(0, 0)
(0, 0)
(0, 0)
(0, 0)
(0, 0)
(0, 0)
(0, 0)
(0, 0)
(0, 0)
(0, 0)
(0, 0)
(0, 0)
(0, 0)
(0, 0)
(0, 0)
(0, 0)
(0, 0)
(0, 0)
(0, 0)
(0, 0)
(0, 0)
(0, 0)
(0, 0)
(0, 0)
(0, 0)
(0, 0)
(0, 0)
(0, 0)
(0, 0)
(0, 0)
(0, 0)
(0, 0)
(0, 0)
(0, 0)
(0, 0)
(0, 0)
(0, 0)
(0, 0)
(0, 0)
(0, 0)
(0, 0)
(0, 0)
(0, 0)
(0, 0)
(0, 0)
(0, 0)
(0, 0)
(0, 0)
(0, 0)
(0, 0)
(0, 0)
(0, 0)
(0, 0)
(0, 0)
(0, 0)
123: (0, 42)
14: (43, 55)
16: (56, 93)
87: (94, 143)
41: (144, 156)
233: (157, 176)
125: (177, 191)
39: (192, 202)
209: (203, 214)
224: (215, 216)
252: (217, 298)
239: (299, 322)
183: (323, 351)
58: (352, 373)
121: (374, 403)
123: (404, 421)
151: (422, 563)
200: (564, 721)
58: (722, 760)
127: (761, 769)
175: (770, 788)
51: (789, 793)
17: (794, 814)
71: (815, 821)
80: (822, 827)
142: (828, 896)
211: (897, 917)
38: (918, 921)
91: (922, 942)
2: (943, 947)
29: (948, 953)
241: (954, 968)
32: (969, 976)
255: (977, 983)
226: (984, 990)
5: (991, 1007)
230: (1008, 1019)
123: (0, 42)
14: (43, 55)
16: (56, 93)
87: (94, 143)
41: (144, 156)
233: (157, 176)
125: (177, 191)
39: (192, 202)
209: (203, 214)
224: (215, 216)
252: (217, 298)
239: (299, 322)
183: (323, 351)
58: (352, 373)
121: (374, 403)
123: (404, 421)
151: (422, 563)
200: (564, 721)
58: (722, 760)
127: (761, 769)
175: (770, 788)
51: (789, 793)
17: (794, 814)
71: (815, 821)
80: (822, 827)
142: (828, 896)
211: (897, 917)
38: (918, 921)
91: (922, 942)
2: (943, 947)
29: (948, 953)
241: (954, 968)
32: (969, 976)
255: (977, 983)
226: (984, 990)
5: (991, 1007)
230: (1008, 1019)
123: (0, 42)
14: (43, 55)
16: (56, 93)
87: (94, 143)
41: (144, 156)
233: (157, 176)
125: (177, 191)
39: (192, 202)
209: (203, 214)
224: (215, 216)
252: (217, 298)
239: (299, 322)
183: (323, 351)
58: (352, 373)
121: (374, 403)
123: (404, 421)
151: (422, 563)
200: (564, 721)
58: (722, 760)
127: (761, 769)
175: (770, 788)
51: (789, 793)
17: (794, 814)
71: (815, 821)
80: (822, 827)
142: (828, 896)
211: (897, 917)
38: (918, 921)
91: (922, 942)
2: (943, 947)
29: (948, 953)
241: (954, 968)
32: (969, 976)
255: (977, 983)
226: (984, 990)
5: (991, 1007)
230: (1008, 1019)
(0, 0)
123: (0, 42)
14: (43, 55)
16: (56, 93)
87: (94, 143)
41: (144, 156)
233: (157, 176)
125: (177, 191)
39: (192, 202)
209: (203, 214)
224: (215, 216)
252: (217, 298)
239: (299, 322)
183: (323, 351)
58: (352, 373)
121: (374, 403)
123: (404, 421)
151: (422, 563)
200: (564, 721)
58: (722, 760)
127: (761, 769)
175: (770, 788)
51: (789, 793)
17: (794, 814)
71: (815, 821)
80: (822, 827)
142: (828, 896)
211: (897, 917)
38: (918, 921)
91: (922, 942)
2: (943, 947)
29: (948, 953)
241: (954, 968)
32: (969, 976)
255: (977, 983)
226: (984, 990)
5: (991, 1007)
230: (1008, 1019)
(0, 0)
(0, 0)
(0, 0)
(0, 0)
(0, 0)
(0, 0)
(0, 0)
(0, 0)
(0, 0)
(0, 0)
(0, 0)
(0, 0)
(0, 0)
(0, 0)
(0, 0)
(0, 0)
(0, 0)
(0, 0)
(0, 0)
(0, 0)
(0, 0)
(0, 0)
(0, 0)
(0, 0)
(0, 0)
(0, 0)
(0, 0)
(0, 0)
(0, 0)
(0, 0)
(0, 0)
(0, 0)
(0, 0)
(0, 0)
(0, 0)
(0, 0)
(0, 0)
(0, 0)
(0, 0)
(0, 0)
(0, 0)
(0, 0)
(0, 0)
(0, 0)
(0, 0)
(0, 0)
(0, 0)
(0, 0)
(0, 0)
(0, 0)
(0, 0)
(0, 0)
(0, 0)
(0, 0)
(0, 0)
(0, 0)
(0, 0)
(0, 0)
(0, 0)
(0, 0)
(0, 0)
(0, 0)
(0, 0)
(0, 0)
(0, 0)
(0, 0)
(0, 0)
(0, 0)
(0, 0)
(0, 0)
(0, 0)
(0, 0)
(0, 0)
(0, 0)
(0, 0)
(0, 0)
(0, 0)
(0, 0)
(0, 0)
(0, 0)
(0, 0)
(0, 0)
(0, 0)
(0, 0)
(0, 0)
(0, 0)
(0, 0)
(0, 0)
(0, 0)
(0, 0)
(0, 0)
(0, 0)
(0, 0)
(0, 0)
(0, 0)
(0, 0)
(0, 0)
(0, 0)
(0, 0)
(0, 0)
(0, 0)
(0, 0)
(0, 0)
(0, 0)
(0, 0)
(0, 0)
(0, 0)
(0, 0)
(0, 0)
(0, 0)
(0, 0)
(0, 0)
(0, 0)
(0, 0)
(0, 0)
(0, 0)
(0, 0)
(0, 0)
(0, 0)
(0, 0)
(0, 0)
(0, 0)
(0, 0)
(0, 0)
(0, 0)
(0, 0)
(0, 0)
(0, 0)
(0, 0)
(0, 0)
(0, 0)
(0, 0)
(0, 0)
(0, 0)
(0, 0)
(0, 0)
(0, 0)
(0, 0)
(0, 0)
(0, 0)
(0, 0)
(0, 0)
(0, 0)
(0, 0)
(0, 0)
(0, 0)
(0, 0)
(0, 0)
(0, 0)
(0, 0)
(0, 0)
(0, 0)
(0, 0)
(0, 0)
(0, 0)
(0, 0)
(0, 0)
(0, 0)
(0, 0)
(0, 0)
(0, 0)
(0, 0)
(0, 0)
(0, 0)
(0, 0)
(0, 0)
(0, 0)
(0, 0)
(0, 0)
(0, 0)
(0, 0)
(0, 0)
(0, 0)
(0, 0)
(0, 0)
(0, 0)
(0, 0)
(0, 0)
(0, 0)
(0, 0)
(0, 0)
(0, 0)
(0, 0)
(0, 0)
(0, 0)
(0, 0)
(0, 0)
(0, 0)
(0, 0)
(0, 0)
(0, 0)
(0, 0)
(0, 0)
(0, 0)
(0, 0)
(0, 0)
(0, 0)
(0, 0)
(0, 0)
(0, 0)
(0, 0)
(0, 0)
(0, 0)
(0, 0)
(0, 0)
(0, 0)
(0, 0)
(0, 0)
(0, 0)
(0, 0)
(0, 0)
(0, 0)
(0, 0)
(0, 0)
(0, 0)
(0, 0)
(0, 0)
(0, 0)
(0, 0)
(0, 0)
(0, 0)
(0, 0)
(0, 0)
(0, 0)
(0, 0)
(0, 0)
(0, 0)
(0, 0)
(0, 0)
(0, 0)
(0, 0)
(0, 0)
(0, 0)
(0, 0)
(0, 0)
(0, 0)
(0, 0)
(0, 0)
(0, 0)
(0, 0)
123: (0, 42)
14: (43, 55)
16: (56, 93)
87: (94, 143)
41: (144, 156)
233: (157, 176)
125: (177, 191)
39: (192, 202)
209: (203, 214)
224: (215, 216)
252: (217, 298)
239: (299, 322)
183: (323, 351)
58: (352, 373)
121: (374, 403)
123: (404, 421)
151: (422, 563)
200: (564, 721)
58: (722, 760)
127: (761, 769)
175: (770, 788)
51: (789, 793)
17: (794, 814)
71: (815, 821)
80: (822, 827)
142: (828, 896)
211: (897, 917)
38: (918, 921)
91: (922, 942)
2: (943, 947)
29: (948, 953)
241: (954, 968)
32: (969, 976)
255: (977, 983)
226: (984, 990)
5: (991, 1007)
230: (1008, 1019)
(0, 0)
(0, 0)
(0, 0)
(0, 0)
(0, 0)
(0, 0)
(0, 0)
(0, 0)
(0, 0)
(0, 0)
(0, 0)
(0, 0)
(0, 0)
(0, 0)
(0, 0)
(0, 0)
(0, 0)
(0, 0)
(0, 0)
(0, 0)
(0, 0)
(0, 0)
(0, 0)
(0, 0)
(0, 0)
(0, 0)
(0, 0)
(0, 0)
(0, 0)
(0, 0)
(0, 0)
(0, 0)
(0, 0)
(0, 0)
(0, 0)
(0, 0)
(0, 0)
(0, 0)
(0, 0)
(0, 0)
(0, 0)
(0, 0)
(0, 0)
(0, 0)
(0, 0)
(0, 0)
(0, 0)
(0, 0)
(0, 0)
(0, 0)
(0, 0)
(0, 0)
(0, 0)
(0, 0)
(0, 0)
(0, 0)
(0, 0)
(0, 0)
(0, 0)
(0, 0)
(0, 0)
(0, 0)
(0, 0)
(0, 0)
(0, 0)
(0, 0)
(0, 0)
(0, 0)
(0, 0)
(0, 0)
(0, 0)
(0, 0)
(0, 0)
(0, 0)
(0, 0)
(0, 0)
(0, 0)
(0, 0)
(0, 0)
(0, 0)
(0, 0)
(0, 0)
(0, 0)
(0, 0)
(0, 0)
(0, 0)
(0, 0)
(0, 0)
(0, 0)
(0, 0)
(0, 0)
(0, 0)
(0, 0)
(0, 0)
(0, 0)
(0, 0)
(0, 0)
(0, 0)
(0, 0)
(0, 0)
(0, 0)
(0, 0)
(0, 0)
(0, 0)
(0, 0)
(0, 0)
(0, 0)
(0, 0)
(0, 0)
(0, 0)
(0, 0)
(0, 0)
(0, 0)
(0, 0)
(0, 0)
(0, 0)
(0, 0)
(0, 0)
(0, 0)
(0, 0)
(0, 0)
(0, 0)
(0, 0)
(0, 0)
(0, 0)
(0, 0)
(0, 0)
(0, 0)
(0, 0)
(0, 0)
(0, 0)
(0, 0)
(0, 0)
(0, 0)
(0, 0)
(0, 0)
(0, 0)
(0, 0)
(0, 0)
(0, 0)
(0, 0)
(0, 0)
(0, 0)
(0, 0)
(0, 0)
123: (0, 42)
14: (43, 55)
16: (56, 93)
87: (94, 143)
41: (144, 156)
233: (157, 176)
125: (177, 191)
39: (192, 202)
209: (203, 214)
224: (215, 216)
252: (217, 298)
183: (323, 351)
58: (352, 373)
121: (374, 403)
123: (404, 421)
151: (422, 563)
200: (564, 721)
58: (722, 760)
127: (761, 769)
175: (770, 788)
51: (789, 793)
17: (794, 814)
71: (815, 821)
80: (822, 827)
142: (828, 896)
211: (897, 917)
38: (918, 921)
91: (922, 942)
2: (943, 947)
29: (948, 953)
241: (954, 968)
32: (969, 976)
255: (977, 983)
226: (984, 990)
5: (991, 1007)
230: (1008, 1019)
(0, 0)
123: (0, 42)
14: (43, 55)
16: (56, 93)
87: (94, 143)
41: (144, 156)
233: (157, 176)
125: (177, 191)
39: (192, 202)
209: (203, 214)
224: (215, 216)
252: (217, 298)
183: (323, 351)
58: (352, 373)
121: (374, 403)
123: (404, 421)
151: (422, 563)
58: (722, 760)
127: (761, 769)
175: (770, 788)
51: (789, 793)
17: (794, 814)
71: (815, 821)
80: (822, 827)
142: (828, 896)
211: (897, 917)
38: (918, 921)
91: (922, 942)
2: (943, 947)
29: (948, 953)
241: (954, 968)
32: (969, 976)
255: (977, 983)
226: (984, 990)
5: (991, 1007)
230: (1008, 1019)
123: (0, 42)
14: (43, 55)
87: (94, 143)
41: (144, 156)
233: (157, 176)
125: (177, 191)
39: (192, 202)
209: (203, 214)
224: (215, 216)
252: (217, 298)
183: (323, 351)
58: (352, 373)
121: (374, 403)
123: (404, 421)
151: (422, 563)
58: (722, 760)
127: (761, 769)
175: (770, 788)
51: (789, 793)
17: (794, 814)
71: (815, 821)
80: (822, 827)
142: (828, 896)
211: (897, 917)
38: (918, 921)
91: (922, 942)
2: (943, 947)
29: (948, 953)
241: (954, 968)
32: (969, 976)
255: (977, 983)
226: (984, 990)
5: (991, 1007)
230: (1008, 1019)
123: (0, 42)
14: (43, 55)
87: (56, 105)
41: (106, 118)
233: (119, 138)
125: (139, 153)
39: (154, 164)
209: (165, 176)
224: (177, 178)
252: (179, 260)
183: (261, 289)
58: (290, 311)
121: (312, 341)
123: (342, 359)
151: (360, 501)
58: (502, 540)
127: (541, 549)
175: (550, 568)
51: (569, 573)
17: (574, 594)
71: (595, 601)
80: (602, 607)
142: (608, 676)
211: (677, 697)
38: (698, 701)
91: (702, 722)
2: (723, 727)
29: (728, 733)
241: (734, 748)
32: (749, 756)
255: (757, 763)
226: (764, 770)
5: (771, 787)
230: (788, 799)
123: (0, 42)
14: (43, 55)
87: (56, 105)
41: (106, 118)
233: (119, 138)
125: (139, 153)
39: (154, 164)
209: (165, 176)
224: (177, 178)
252: (179, 260)
183: (261, 289)
58: (290, 311)
121: (312, 341)
123: (342, 359)
151: (360, 501)
58: (502, 540)
127: (541, 549)
175: (550, 568)
51: (569, 573)
17: (574, 594)
71: (595, 601)
80: (602, 607)
142: (608, 676)
211: (677, 697)
38: (698, 701)
91: (702, 722)
2: (723, 727)
29: (728, 733)
241: (734, 748)
32: (749, 756)
255: (757, 763)
226: (764, 770)
5: (771, 787)
230: (788, 799)
218: (800, 1008)
(0, 0)
(0, 0)
(0, 0)
(0, 0)
(0, 0)
(0, 0)
(0, 0)
(0, 0)
(0, 0)
(0, 0)
74: (1009, 1020)
(0, 0)
(0, 0)
(0, 0)
(0, 0)
(0, 0)
(0, 0)
(0, 0)
(0, 0)
(0, 0)
(0, 0)
(0, 0)
(0, 0)
(0, 0)
(0, 0)
(0, 0)
(0, 0)
(0, 0)
(0, 0)
(0, 0)
(0, 0)
(0, 0)
(0, 0)
(0, 0)
(0, 0)
(0, 0)
(0, 0)
(0, 0)
(0, 0)
123: (0, 42)
14: (43, 55)
87: (56, 105)
41: (106, 118)
233: (119, 138)
125: (139, 153)
39: (154, 164)
209: (165, 176)
224: (177, 178)
252: (179, 260)
183: (261, 289)
58: (290, 311)
121: (312, 341)
123: (342, 359)
151: (360, 501)
58: (502, 540)
127: (541, 549)
175: (550, 568)
51: (569, 573)
17: (574, 594)
71: (595, 601)
80: (602, 607)
142: (608, 676)
211: (677, 697)
38: (698, 701)
91: (702, 722)
2: (723, 727)
29: (728, 733)
241: (734, 748)
32: (749, 756)
255: (757, 763)
226: (764, 770)
5: (771, 787)
230: (788, 799)
218: (800, 1008)
74: (1009, 1020)
(0, 0)
(0, 0)
(0, 0)
(0, 0)
(0, 0)
(0, 0)
(0, 0)
(0, 0)
(0, 0)
(0, 0)
(0, 0)
(0, 0)
(0, 0)
(0, 0)
(0, 0)
(0, 0)
(0, 0)
(0, 0)
(0, 0)
(0, 0)
(0, 0)
(0, 0)
(0, 0)
(0, 0)
(0, 0)
(0, 0)
(0, 0)
(0, 0)
(0, 0)
(0, 0)
(0, 0)
(0, 0)
(0, 0)
(0, 0)
(0, 0)
(0, 0)
(0, 0)
(0, 0)
(0, 0)
(0, 0)
(0, 0)
(0, 0)
(0, 0)
(0, 0)
(0, 0)
(0, 0)
(0, 0)
(0, 0)
(0, 0)
(0, 0)
(0, 0)
(0, 0)
(0, 0)
(0, 0)
(0, 0)
(0, 0)
(0, 0)
(0, 0)
(0, 0)
(0, 0)
(0, 0)
(0, 0)
(0, 0)
(0, 0)
(0, 0)
(0, 0)
(0, 0)
(0, 0)
(0, 0)
(0, 0)
(0, 0)
(0, 0)
(0, 0)
(0, 0)
(0, 0)
(0, 0)
(0, 0)
(0, 0)
(0, 0)
(0, 0)
(0, 0)
(0, 0)
(0, 0)
(0, 0)
(0, 0)
(0, 0)
(0, 0)
(0, 0)
(0, 0)
(0, 0)
(0, 0)
(0, 0)
(0, 0)
(0, 0)
(0, 0)
(0, 0)
(0, 0)
(0, 0)
(0, 0)
(0, 0)
(0, 0)
(0, 0)
(0, 0)
(0, 0)
(0, 0)
(0, 0)
(0, 0)
(0, 0)
(0, 0)
(0, 0)
(0, 0)
(0, 0)
(0, 0)
(0, 0)
(0, 0)
(0, 0)
(0, 0)
(0, 0)
(0, 0)
(0, 0)
(0, 0)
(0, 0)
(0, 0)
(0, 0)
(0, 0)
(0, 0)
(0, 0)
(0, 0)
(0, 0)
(0, 0)
(0, 0)
(0, 0)
(0, 0)
(0, 0)
(0, 0)
(0, 0)
(0, 0)
(0, 0)
(0, 0)
(0, 0)
(0, 0)
(0, 0)
(0, 0)
(0, 0)
(0, 0)
(0, 0)
(0, 0)
(0, 0)
(0, 0)
(0, 0)
(0, 0)
(0, 0)
(0, 0)
(0, 0)
(0, 0)
(0, 0)
(0, 0)
(0, 0)
(0, 0)
(0, 0)
(0, 0)
(0, 0)
(0, 0)
(0, 0)
(0, 0)
(0, 0)
(0, 0)
(0, 0)
(0, 0)
(0, 0)
(0, 0)
(0, 0)
(0, 0)
(0, 0)
(0, 0)
(0, 0)
(0, 0)
(0, 0)
(0, 0)
(0, 0)
(0, 0)
(0, 0)
(0, 0)
(0, 0)
(0, 0)
(0, 0)
(0, 0)
(0, 0)
(0, 0)
(0, 0)
(0, 0)
(0, 0)
(0, 0)
(0, 0)
(0, 0)
(0, 0)
(0, 0)
(0, 0)
(0, 0)
(0, 0)
(0, 0)
(0, 0)
(0, 0)
(0, 0)
(0, 0)
(0, 0)
(0, 0)
(0, 0)
(0, 0)
(0, 0)
(0, 0)
(0, 0)
(0, 0)
(0, 0)
(0, 0)
(0, 0)
(0, 0)
(0, 0)
(0, 0)
(0, 0)
(0, 0)
(0, 0)
(0, 0)
(0, 0)
(0, 0)
(0, 0)
(0, 0)
(0, 0)
(0, 0)
(0, 0)
(0, 0)
(0, 0)
(0, 0)
(0, 0)
(0, 0)
(0, 0)
(0, 0)
(0, 0)
(0, 0)
(0, 0)
(0, 0)
(0, 0)
(0, 0)
(0, 0)
(0, 0)
(0, 0)
(0, 0)
(0, 0)
(0, 0)
(0, 0)
(0, 0)
(0, 0)
(0, 0)
(0, 0)
(0, 0)
(0, 0)
(0, 0)
(0, 0)
(0, 0)
(0, 0)
(0, 0)
(0, 0)
(0, 0)
(0, 0)
(0, 0)
(0, 0)
(0, 0)
(0, 0)
(0, 0)
(0, 0)
(0, 0)
(0, 0)
(0, 0)
(0, 0)
(0, 0)
(0, 0)
(0, 0)
(0, 0)
(0, 0)
(0, 0)
(0, 0)
(0, 0)
(0, 0)
(0, 0)
(0, 0)
(0, 0)
(0, 0)
(0, 0)
(0, 0)
(0, 0)
(0, 0)
(0, 0)
(0, 0)
(0, 0)
(0, 0)
(0, 0)
(0, 0)
(0, 0)
(0, 0)
(0, 0)
(0, 0)
(764, 770)
123: (0, 42)
14: (43, 55)
87: (56, 105)
41: (106, 118)
233: (119, 138)
125: (139, 153)
39: (154, 164)
209: (165, 176)
224: (177, 178)
252: (179, 260)
183: (261, 289)
58: (290, 311)
121: (312, 341)
123: (342, 359)
151: (360, 501)
58: (502, 540)
127: (541, 549)
175: (550, 568)
51: (569, 573)
17: (574, 594)
71: (595, 601)
80: (602, 607)
142: (608, 676)
211: (677, 697)
38: (698, 701)
91: (702, 722)
2: (723, 727)
29: (728, 733)
241: (734, 748)
32: (749, 756)
255: (757, 763)
226: (764, 770)
5: (771, 787)
230: (788, 799)
218: (800, 1008)
74: (1009, 1020)
(0, 0)
(0, 0)
(0, 0)
(0, 0)
(0, 0)
(0, 0)
(0, 0)
(0, 0)
(0, 0)
(0, 0)
(0, 0)
(0, 0)
(0, 0)
(0, 0)
(0, 0)
231: (1021, 1022)
(0, 0)
(0, 0)
(0, 0)
(0, 0)
(0, 0)
(0, 0)
(0, 0)
(0, 0)
(0, 0)
(0, 0)
(0, 0)
(0, 0)
(0, 0)
(0, 0)
(0, 0)
(0, 0)
(0, 0)
(0, 0)
(0, 0)
(0, 0)
(0, 0)
(0, 0)
(0, 0)
(0, 0)
(0, 0)
(0, 0)
(0, 0)
(0, 0)
(0, 0)
(0, 0)
(0, 0)
(0, 0)
(0, 0)
(0, 0)
(0, 0)
(0, 0)
(0, 0)
(0, 0)
(0, 0)
(0, 0)
(0, 0)
(0, 0)
(0, 0)
(0, 0)
(0, 0)
(0, 0)
(0, 0)
(0, 0)
(0, 0)
(0, 0)
(0, 0)
(0, 0)
(0, 0)
(0, 0)
(0, 0)
(0, 0)
(0, 0)
(0, 0)
(0, 0)
(0, 0)
(0, 0)
(0, 0)
(0, 0)
(0, 0)
(0, 0)
(0, 0)
(0, 0)
(0, 0)
(0, 0)
(0, 0)
(0, 0)
(0, 0)
(0, 0)
(0, 0)
(0, 0)
(0, 0)
(0, 0)
(0, 0)
(0, 0)
(0, 0)
(0, 0)
(0, 0)
(0, 0)
(0, 0)
(0, 0)
(0, 0)
(0, 0)
(0, 0)
(0, 0)
(0, 0)
(0, 0)
(0, 0)
(0, 0)
(0, 0)
(0, 0)
(0, 0)
(0, 0)
(0, 0)
(0, 0)
(0, 0)
(0, 0)
(0, 0)
(0, 0)
(0, 0)
(0, 0)
(0, 0)
(0, 0)
(0, 0)
(0, 0)
(0, 0)
(0, 0)
(0, 0)
(0, 0)
(0, 0)
(0, 0)
(0, 0)
(0, 0)
(0, 0)
(0, 0)
(0, 0)
(0, 0)
(56, 105)
(0, 0)
(0, 0)
(0, 0)
(0, 0)
(0, 0)
(0, 0)
(0, 0)
(0, 0)
(0, 0)
(0, 0)
(0, 0)
(0, 0)
(0, 0)
(0, 0)
(0, 0)
(0, 0)
(0, 0)
(0, 0)
(0, 0)
(0, 0)
(0, 0)
(0, 0)
(0, 0)
(0, 0)
(0, 0)
(0, 0)
(0, 0)
(0, 0)
(0, 0)
(0, 0)
(0, 0)
(0, 0)
(0, 0)
(0, 0)
(0, 0)
(0, 0)
(0, 0)
(0, 0)
(0, 0)
(0, 0)
(0, 0)
(0, 0)
(0, 0)
(0, 0)
(0, 0)
(0, 0)
(0, 0)
(0, 0)
(0, 0)
(0, 0)
(0, 0)
(0, 0)
(0, 0)
(0, 0)
(0, 0)
(0, 0)
(0, 0)
(0, 0)
(0, 0)
(0, 0)
(0, 0)
(0, 0)
(0, 0)
(0, 0)
(0, 0)
(0, 0)
(0, 0)
(0, 0)
(0, 0)
(0, 0)
(0, 0)
(0, 0)
(0, 0)
(0, 0)
(0, 0)
(0, 0)
(0, 0)
(0, 0)
(0, 0)
(0, 0)
(0, 0)
(0, 0)
(0, 0)
(0, 0)
(0, 0)
(0, 0)
(0, 0)
(0, 0)
(0, 0)
(0, 0)
(0, 0)
(0, 0)
(0, 0)
(0, 0)
(0, 0)
(0, 0)
(0, 0)
(0, 0)
(0, 0)
(0, 0)
(0, 0)
(0, 0)
(0, 0)
(0, 0)
(0, 0)
(0, 0)
(0, 0)
(0, 0)
(0, 0)
(0, 0)
(0, 0)
(0, 0)
(0, 0)
(0, 0)
(0, 0)
(0, 0)
(0, 0)
(0, 0)
(0, 0)
(0, 0)
(0, 0)
(0, 0)
(0, 0)
(0, 0)
(0, 0)
(0, 0)
(0, 0)
(0, 0)
(0, 0)
(0, 0)
(0, 0)
(0, 0)
(0, 0)
(0, 0)
(0, 0)
(0, 0)
(0, 0)
(0, 0)
(0, 0)
(0, 0)
(0, 0)
(0, 0)
(0, 0)
(0, 0)
(0, 0)
(0, 0)
(0, 0)
(0, 0)
(0, 0)
(0, 0)
(0, 0)
(0, 0)
(0, 0)
(0, 0)
(0, 0)
(0, 0)
(0, 0)
(0, 0)
(0, 0)
(0, 0)
(0, 0)
(0, 0)
(0, 0)
(0, 0)
(0, 0)
(0, 0)
(0, 0)
(0, 0)
(0, 0)
(0, 0)
(0, 0)
(0, 0)
(0, 0)
(0, 0)
(0, 0)
(0, 0)
(0, 0)
(0, 0)
123: (0, 42)
14: (43, 55)
87: (56, 105)
41: (106, 118)
233: (119, 138)
125: (139, 153)
39: (154, 164)
209: (165, 176)
224: (177, 178)
252: (179, 260)
183: (261, 289)
58: (290, 311)
121: (312, 341)
123: (342, 359)
151: (360, 501)
58: (502, 540)
127: (541, 549)
175: (550, 568)
51: (569, 573)
17: (574, 594)
71: (595, 601)
80: (602, 607)
142: (608, 676)
211: (677, 697)
38: (698, 701)
91: (702, 722)
2: (723, 727)
29: (728, 733)
241: (734, 748)
32: (749, 756)
255: (757, 763)
226: (764, 770)
5: (771, 787)
230: (788, 799)
74: (1009, 1020)
231: (1021, 1022)
(360, 501)
(0, 0)
(0, 0)
(0, 0)
(0, 0)
(0, 0)
(0, 0)
(0, 0)
(0, 0)
(0, 0)
53: (800, 809)
(0, 0)
(0, 0)
(0, 0)
(0, 0)
56: (810, 961)
(0, 0)
(0, 0)
(0, 0)
(0, 0)
(0, 0)
(0, 0)
(0, 0)
(0, 0)
(0, 0)
(0, 0)
(0, 0)
(0, 0)
(0, 0)
(0, 0)
(0, 0)
(0, 0)
(0, 0)
(0, 0)
235: (962, 988)
(0, 0)
(0, 0)
(0, 0)
(0, 0)
(0, 0)
(0, 0)
(0, 0)
(0, 0)
(0, 0)
(0, 0)
(0, 0)
(0, 0)
(0, 0)
(0, 0)
(0, 0)
(0, 0)
(0, 0)
(0, 0)
(0, 0)
(0, 0)
(0, 0)
(0, 0)
(0, 0)
(0, 0)
(0, 0)
(0, 0)
(0, 0)
(0, 0)
(0, 0)
(0, 0)
(0, 0)
(0, 0)
(0, 0)
(0, 0)
(0, 0)
(0, 0)
(0, 0)
(0, 0)
(0, 0)
(0, 0)
(0, 0)
(0, 0)
(0, 0)
(0, 0)
(0, 0)
(0, 0)
(0, 0)
(0, 0)
(0, 0)
(0, 0)
(0, 0)
(0, 0)
(0, 0)
(0, 0)
(0, 0)
(0, 0)
(0, 0)
(0, 0)
(0, 0)
(0, 0)
(0, 0)
(0, 0)
(0, 0)
(0, 0)
(0, 0)
(0, 0)
(0, 0)
(0, 0)
(0, 0)
(0, 0)
(0, 0)
(0, 0)
(0, 0)
(0, 0)
(0, 0)
(0, 0)
(0, 0)
(0, 0)
(0, 0)
(0, 0)
(0, 0)
(0, 0)
(0, 0)
(0, 0)
(0, 0)
(0, 0)
(0, 0)
(0, 0)
(0, 0)
(0, 0)
(0, 0)
(0, 0)
(0, 0)
(0, 0)
(0, 0)
(0, 0)
(0, 0)
(0, 0)
(0, 0)
(0, 0)
(0, 0)
(0, 0)
(0, 0)
(0, 0)
(0, 0)
(0, 0)
(0, 0)
(0, 0)
(0, 0)
(0, 0)
(0, 0)
(0, 0)
(0, 0)
(0, 0)
(0, 0)
(0, 0)
(0, 0)
(0, 0)
(0, 0)
(0, 0)
(0, 0)
(0, 0)
(0, 0)
(0, 0)
(0, 0)
(0, 0)
(0, 0)
(0, 0)
(0, 0)
(0, 0)
(0, 0)
(0, 0)
(0, 0)
(0, 0)
(0, 0)
(0, 0)
(0, 0)
(0, 0)
(0, 0)
(0, 0)
(0, 0)
(0, 0)
(0, 0)
(0, 0)
(0, 0)
(0, 0)
(0, 0)
(0, 0)
(0, 0)
(0, 0)
(0, 0)
(0, 0)
(0, 0)
(0, 0)
(0, 0)
(0, 0)
(0, 0)
(0, 0)
(0, 0)
(0, 0)
(0, 0)
(0, 0)
(0, 0)
(0, 0)
(0, 0)
(0, 0)
(0, 0)
(0, 0)
(0, 0)
(0, 0)
(0, 0)
(0, 0)
(0, 0)
(0, 0)
(0, 0)
(0, 0)
(0, 0)
(0, 0)
(0, 0)
(0, 0)
(0, 0)
(0, 0)
(0, 0)
(0, 0)
(0, 0)
(0, 0)
(0, 0)
(0, 0)
(0, 0)
(0, 0)
(0, 0)
(0, 0)
(0, 0)
(0, 0)
(0, 0)
(0, 0)
(0, 0)
(0, 0)
(0, 0)
(0, 0)
(0, 0)
(0, 0)
(0, 0)
(0, 0)
(0, 0)
(0, 0)
144: (989, 1009)
(0, 0)
(0, 0)
(0, 0)
(0, 0)
(0, 0)
(0, 0)
(0, 0)
(0, 0)
(0, 0)
(0, 0)
(0, 0)
(0, 0)
(0, 0)
(0, 0)
(0, 0)
(0, 0)
(0, 0)
(0, 0)
(0, 0)
(0, 0)
(0, 0)
(0, 0)
(0, 0)
(0, 0)
(0, 0)
(0, 0)
(0, 0)
(0, 0)
(0, 0)
(0, 0)
(0, 0)
(0, 0)
(0, 0)
(0, 0)
(0, 0)
(0, 0)
(0, 0)
(0, 0)
(0, 0)
(0, 0)
(0, 0)
(0, 0)
(0, 0)
(0, 0)
(0, 0)
(0, 0)
(0, 0)
(0, 0)
(0, 0)
(0, 0)
(0, 0)
(0, 0)
(0, 0)
(0, 0)
(0, 0)
(0, 0)
(0, 0)
(0, 0)
(0, 0)
(0, 0)
(0, 0)
(0, 0)
(0, 0)
(0, 0)
(0, 0)
(0, 0)
(0, 0)
(0, 0)
(0, 0)
(0, 0)
(0, 0)
(0, 0)
(0, 0)
(0, 0)
(0, 0)
(0, 0)
(0, 0)
(0, 0)
(0, 0)
(0, 0)
(0, 0)
(0, 0)
(0, 0)
(0, 0)
(0, 0)
(0, 0)
(0, 0)
(0, 0)
(0, 0)
(0, 0)
(0, 0)
(0, 0)
(0, 0)
(0, 0)
(0, 0)
(0, 0)
(0, 0)
(0, 0)
(0, 0)
(0, 0)
(0, 0)
(0, 0)
(0, 0)
(0, 0)
(0, 0)
(0, 0)
(0, 0)
123: (0, 42)
14: (43, 55)
87: (56, 105)
41: (106, 118)
233: (119, 138)
125: (139, 153)
39: (154, 164)
209: (165, 176)
224: (177, 178)
252: (179, 260)
183: (261, 289)
58: (290, 311)
121: (312, 341)
123: (342, 359)
151: (360, 501)
58: (502, 540)
127: (541, 549)
175: (550, 568)
51: (569, 573)
17: (574, 594)
71: (595, 601)
80: (602, 607)
142: (608, 676)
211: (677, 697)
38: (698, 701)
91: (702, 722)
2: (723, 727)
29: (728, 733)
241: (734, 748)
32: (749, 756)
255: (757, 763)
226: (764, 770)
5: (771, 787)
230: (788, 799)
53: (800, 809)
235: (962, 988)
144: (989, 1009)
74: (1010, 1020)
231: (1021, 1022)
(1021, 1022)
(749, 756)
123: (0, 42)
14: (43, 55)
87: (56, 105)
41: (106, 118)
233: (119, 138)
125: (139, 153)
39: (154, 164)
209: (165, 176)
224: (177, 178)
252: (179, 260)
183: (261, 289)
58: (290, 311)
121: (312, 341)
123: (342, 359)
151: (360, 501)
58: (502, 540)
127: (541, 549)
175: (550, 568)
51: (569, 573)
17: (574, 594)
71: (595, 601)
80: (602, 607)
142: (608, 676)
211: (677, 697)
38: (698, 701)
91: (702, 722)
2: (723, 727)
29: (728, 733)
241: (734, 748)
32: (749, 756)
255: (757, 763)
5: (771, 787)
230: (788, 799)
53: (800, 809)
235: (962, 988)
144: (989, 1009)
74: (1010, 1020)
231: (1021, 1022)
123: (0, 42)
14: (43, 55)
87: (56, 105)
41: (106, 118)
233: (119, 138)
125: (139, 153)
39: (154, 164)
209: (165, 176)
224: (177, 178)
252: (179, 260)
183: (261, 289)
58: (290, 311)
121: (312, 341)
123: (342, 359)
151: (360, 501)
58: (502, 540)
127: (541, 549)
175: (550, 568)
51: (569, 573)
17: (574, 594)
71: (595, 601)
80: (602, 607)
142: (608, 676)
211: (677, 697)
38: (698, 701)
91: (702, 722)
2: (723, 727)
29: (728, 733)
241: (734, 748)
32: (749, 756)
255: (757, 763)
5: (764, 780)
230: (781, 792)
53: (793, 802)
235: (803, 829)
144: (830, 850)
74: (851, 861)
231: (862, 863)
123: (0, 42)
14: (43, 55)
87: (56, 105)
41: (106, 118)
233: (119, 138)
125: (139, 153)
39: (154, 164)
209: (165, 176)
224: (177, 178)
252: (179, 260)
183: (261, 289)
58: (290, 311)
121: (312, 341)
123: (342, 359)
151: (360, 501)
58: (502, 540)
127: (541, 549)
175: (550, 568)
51: (569, 573)
17: (574, 594)
71: (595, 601)
80: (602, 607)
142: (608, 676)
211: (677, 697)
38: (698, 701)
91: (702, 722)
2: (723, 727)
29: (728, 733)
241: (734, 748)
32: (749, 756)
255: (757, 763)
5: (764, 780)
230: (781, 792)
53: (793, 802)
235: (803, 829)
144: (830, 850)
74: (851, 861)
231: (862, 863)
(0, 0)
(0, 0)
(0, 0)
(0, 0)
(0, 0)
(0, 0)
(0, 0)
(0, 0)
65: (864, 970)
(0, 0)
(0, 0)
(0, 0)
(0, 0)
(0, 0)
(0, 0)
(0, 0)
(0, 0)
(0, 0)
(0, 0)
(0, 0)
(0, 0)
(0, 0)
(0, 0)
(0, 0)
(0, 0)
(0, 0)
(0, 0)
(0, 0)
(0, 0)
(0, 0)
(0, 0)
(0, 0)
(0, 0)
(0, 0)
(0, 0)
(0, 0)
(0, 0)
(0, 0)
(0, 0)
127: (971, 1022)
(0, 0)
(0, 0)
(0, 0)
(0, 0)
(0, 0)
(0, 0)
(0, 0)
(0, 0)
(0, 0)
(0, 0)
(0, 0)
(0, 0)
(0, 0)
(0, 0)
(0, 0)
(0, 0)
(0, 0)
(0, 0)
(0, 0)
(0, 0)
(0, 0)
(0, 0)
(0, 0)
(0, 0)
(0, 0)
(0, 0)
(0, 0)
(0, 0)
(0, 0)
(0, 0)
(0, 0)
(0, 0)
(0, 0)
(0, 0)
(0, 0)
(0, 0)
123: (0, 42)
14: (43, 55)
87: (56, 105)
41: (106, 118)
233: (119, 138)
125: (139, 153)
39: (154, 164)
209: (165, 176)
224: (177, 178)
252: (179, 260)
183: (261, 289)
58: (290, 311)
121: (312, 341)
123: (342, 359)
151: (360, 501)
58: (502, 540)
127: (541, 549)
175: (550, 568)
51: (569, 573)
17: (574, 594)
71: (595, 601)
80: (602, 607)
142: (608, 676)
211: (677, 697)
38: (698, 701)
91: (702, 722)
2: (723, 727)
29: (728, 733)
241: (734, 748)
32: (749, 756)
255: (757, 763)
5: (764, 780)
230: (781, 792)
235: (803, 829)
144: (830, 850)
74: (851, 861)
231: (862, 863)
65: (864, 970)
127: (971, 1022)
123: (0, 42)
14: (43, 55)
87: (56, 105)
41: (106, 118)
233: (119, 138)
125: (139, 153)
39: (154, 164)
209: (165, 176)
224: (177, 178)
252: (179, 260)
183: (261, 289)
58: (290, 311)
121: (312, 341)
123: (342, 359)
151: (360, 501)
58: (502, 540)
127: (541, 549)
175: (550, 568)
51: (569, 573)
17: (574, 594)
71: (595, 601)
80: (602, 607)
142: (608, 676)
211: (677, 697)
38: (698, 701)
91: (702, 722)
2: (723, 727)
29: (728, 733)
241: (734, 748)
32: (749, 756)
255: (757, 763)
5: (764, 780)
230: (781, 792)
235: (793, 819)
144: (820, 840)
74: (841, 851)
231: (852, 853)
65: (854, 960)
127: (961, 1012)
(0, 0)
(0, 0)
(0, 0)
(0, 0)
(0, 0)
(0, 0)
(0, 0)
(0, 0)
(0, 0)
(0, 0)
(0, 0)
(0, 0)
(0, 0)
(0, 0)
(0, 0)
(0, 0)
(0, 0)
(0, 0)
(0, 0)
(0, 0)
(0, 0)
(0, 0)
(0, 0)
(0, 0)
(0, 0)
(0, 0)
(0, 0)
(0, 0)
(0, 0)
(0, 0)
(0, 0)
(0, 0)
(0, 0)
(0, 0)
(0, 0)
(0, 0)
(0, 0)
(0, 0)
(0, 0)
(0, 0)
(0, 0)
(0, 0)
(0, 0)
(0, 0)
(0, 0)
(0, 0)
(0, 0)
(0, 0)
(0, 0)
(0, 0)
(0, 0)
(0, 0)
(0, 0)
(0, 0)
(0, 0)
(0, 0)
(0, 0)
(0, 0)
(0, 0)
(0, 0)
(0, 0)
(0, 0)
(0, 0)
(0, 0)
(0, 0)
(0, 0)
(0, 0)
(0, 0)
(0, 0)
(0, 0)
(0, 0)
(0, 0)
(0, 0)
(0, 0)
(0, 0)
(0, 0)
(0, 0)
(0, 0)
(0, 0)
(0, 0)
(0, 0)
(0, 0)
(0, 0)
(0, 0)
(0, 0)
(0, 0)
(0, 0)
(0, 0)
(0, 0)
(0, 0)
(0, 0)
(0, 0)
(0, 0)
(0, 0)
(0, 0)
(0, 0)
(0, 0)
(0, 0)
(0, 0)
(0, 0)
(0, 0)
(0, 0)
(0, 0)
(0, 0)
(0, 0)
(0, 0)
(0, 0)
(0, 0)
(0, 0)
(0, 0)
(0, 0)
(0, 0)
(0, 0)
(0, 0)
(0, 0)
(0, 0)
(0, 0)
(0, 0)
(0, 0)
(0, 0)
(0, 0)
(0, 0)
(0, 0)
(0, 0)
(0, 0)
(0, 0)
(0, 0)
(0, 0)
(0, 0)
(0, 0)
(0, 0)
(0, 0)
(0, 0)
(0, 0)
(0, 0)
(0, 0)
(0, 0)
(0, 0)
(0, 0)
(0, 0)
(0, 0)
(0, 0)
(0, 0)
(0, 0)
(0, 0)
(0, 0)
(0, 0)
(0, 0)
(0, 0)
(0, 0)
(0, 0)
(0, 0)
(0, 0)
(0, 0)
(0, 0)
(0, 0)
(0, 0)
(0, 0)
(0, 0)
(0, 0)
(0, 0)
48: (1013, 1022)
(0, 0)
(0, 0)
(0, 0)
(0, 0)
(0, 0)
(0, 0)
(0, 0)
(0, 0)
(0, 0)
(0, 0)
123: (0, 42)
14: (43, 55)
87: (56, 105)
41: (106, 118)
233: (119, 138)
125: (139, 153)
39: (154, 164)
209: (165, 176)
224: (177, 178)
252: (179, 260)
183: (261, 289)
58: (290, 311)
121: (312, 341)
123: (342, 359)
151: (360, 501)
58: (502, 540)
127: (541, 549)
175: (550, 568)
51: (569, 573)
17: (574, 594)
71: (595, 601)
80: (602, 607)
142: (608, 676)
211: (677, 697)
38: (698, 701)
91: (702, 722)
2: (723, 727)
29: (728, 733)
241: (734, 748)
32: (749, 756)
255: (757, 763)
5: (764, 780)
230: (781, 792)
235: (793, 819)
144: (820, 840)
74: (841, 851)
231: (852, 853)
127: (961, 1012)
48: (1013, 1022)
(550, 568)
(574, 594)
(574, 594)
123: (0, 42)
14: (43, 55)
87: (56, 105)
41: (106, 118)
233: (119, 138)
125: (139, 153)
39: (154, 164)
209: (165, 176)
224: (177, 178)
252: (179, 260)
183: (261, 289)
58: (290, 311)
121: (312, 341)
123: (342, 359)
151: (360, 501)
58: (502, 540)
127: (541, 549)
175: (550, 568)
51: (569, 573)
17: (574, 594)
71: (595, 601)
80: (602, 607)
142: (608, 676)
211: (677, 697)
38: (698, 701)
91: (702, 722)
2: (723, 727)
29: (728, 733)
241: (734, 748)
32: (749, 756)
255: (757, 763)
5: (764, 780)
230: (781, 792)
235: (793, 819)
144: (820, 840)
74: (841, 851)
231: (852, 853)
127: (854, 905)
48: (906, 915)
(0, 0)
(0, 0)
(0, 0)
(0, 0)
(0, 0)
(0, 0)
(0, 0)
(0, 0)
(0, 0)
(0, 0)
123: (0, 42)
14: (43, 55)
87: (56, 105)
41: (106, 118)
233: (119, 138)
125: (139, 153)
39: (154, 164)
209: (165, 176)
224: (177, 178)
252: (179, 260)
183: (261, 289)
58: (290, 311)
121: (312, 341)
123: (342, 359)
151: (360, 501)
58: (502, 540)
127: (541, 549)
175: (550, 568)
51: (569, 573)
17: (574, 594)
71: (595, 601)
80: (602, 607)
142: (608, 676)
211: (677, 697)
38: (698, 701)
91: (702, 722)
2: (723, 727)
29: (728, 733)
241: (734, 748)
32: (749, 756)
255: (757, 763)
5: (764, 780)
230: (781, 792)
235: (793, 819)
144: (820, 840)
74: (841, 851)
231: (852, 853)
127: (854, 905)
48: (906, 915)
123: (0, 42)
14: (43, 55)
87: (56, 105)
41: (106, 118)
233: (119, 138)
125: (139, 153)
39: (154, 164)
209: (165, 176)
224: (177, 178)
252: (179, 260)
183: (261, 289)
58: (290, 311)
121: (312, 341)
123: (342, 359)
151: (360, 501)
58: (502, 540)
127: (541, 549)
175: (550, 568)
51: (569, 573)
17: (574, 594)
71: (595, 601)
80: (602, 607)
142: (608, 676)
211: (677, 697)
38: (698, 701)
91: (702, 722)
2: (723, 727)
29: (728, 733)
241: (734, 748)
32: (749, 756)
255: (757, 763)
5: (764, 780)
230: (781, 792)
235: (793, 819)
144: (820, 840)
74: (841, 851)
231: (852, 853)
127: (854, 905)
48: (906, 915)
123: (0, 42)
14: (43, 55)
87: (56, 105)
41: (106, 118)
233: (119, 138)
125: (139, 153)
39: (154, 164)
209: (165, 176)
224: (177, 178)
252: (179, 260)
183: (261, 289)
58: (290, 311)
121: (312, 341)
123: (342, 359)
151: (360, 501)
58: (502, 540)
127: (541, 549)
175: (550, 568)
51: (569, 573)
17: (574, 594)
71: (595, 601)
80: (602, 607)
142: (608, 676)
211: (677, 697)
38: (698, 701)
91: (702, 722)
2: (723, 727)
29: (728, 733)
241: (734, 748)
32: (749, 756)
255: (757, 763)
5: (764, 780)
230: (781, 792)
235: (793, 819)
144: (820, 840)
74: (841, 851)
231: (852, 853)
127: (854, 905)
48: (906, 915)
(0, 0)
(0, 0)
(0, 0)
(0, 0)
(0, 0)
(0, 0)
(0, 0)
(0, 0)
(0, 0)
(0, 0)
(0, 0)
(0, 0)
111: (916, 1009)
(0, 0)
(0, 0)
(0, 0)
(0, 0)
(0, 0)
(0, 0)
(0, 0)
(0, 0)
(0, 0)
(0, 0)
(0, 0)
(0, 0)
(0, 0)
(0, 0)
(0, 0)
(0, 0)
(0, 0)
(0, 0)
(0, 0)
(0, 0)
(0, 0)
(0, 0)
(0, 0)
(0, 0)
(0, 0)
(0, 0)
(0, 0)
(0, 0)
(0, 0)
(0, 0)
(0, 0)
(0, 0)
(0, 0)
(0, 0)
(0, 0)
(0, 0)
(0, 0)
(0, 0)
(0, 0)
(0, 0)
(0, 0)
(0, 0)
(0, 0)
(0, 0)
(0, 0)
(0, 0)
(0, 0)
(0, 0)
(0, 0)
(0, 0)
(0, 0)
(0, 0)
(0, 0)
(0, 0)
(0, 0)
(0, 0)
(0, 0)
(0, 0)
(0, 0)
(0, 0)
(0, 0)
(0, 0)
(0, 0)
(0, 0)
(0, 0)
(0, 0)
(0, 0)
(0, 0)
(0, 0)
(0, 0)
(0, 0)
(0, 0)
(0, 0)
(0, 0)
(0, 0)
(0, 0)
(0, 0)
(0, 0)
(0, 0)
(0, 0)
(0, 0)
(0, 0)
(0, 0)
(0, 0)
(0, 0)
(0, 0)
(0, 0)
(0, 0)
(0, 0)
(0, 0)
(0, 0)
(0, 0)
(0, 0)
(0, 0)
(0, 0)
(0, 0)
(0, 0)
(0, 0)
(0, 0)
(0, 0)
(0, 0)
(0, 0)
(0, 0)
(0, 0)
(0, 0)
(0, 0)
(0, 0)
(0, 0)
(0, 0)
(0, 0)
(0, 0)
(0, 0)
(0, 0)
(0, 0)
(0, 0)
(0, 0)
(0, 0)
(0, 0)
(0, 0)
(0, 0)
(0, 0)
(0, 0)
(0, 0)
(0, 0)
(0, 0)
(0, 0)
(0, 0)
(0, 0)
(0, 0)
(0, 0)
69: (1010, 1013)
(0, 0)
(0, 0)
(0, 0)
(0, 0)
(0, 0)
(0, 0)
(0, 0)
(0, 0)
(0, 0)
(0, 0)
(0, 0)
68: (1014, 1017)
(0, 0)
(0, 0)
(0, 0)
(0, 0)
(0, 0)
(0, 0)
(0, 0)
(0, 0)
(0, 0)
(0, 0)
(0, 0)
(0, 0)
(0, 0)
(0, 0)
(0, 0)
(0, 0)
(0, 0)
(0, 0)
(0, 0)
(0, 0)
(0, 0)
(0, 0)
(0, 0)
(0, 0)
(0, 0)
(0, 0)
(0, 0)
(0, 0)
168: (1018, 1023)
(0, 0)
(0, 0)
(0, 0)
(0, 0)
(0, 0)
(0, 0)
(0, 0)
(0, 0)
(0, 0)
(0, 0)
(0, 0)
(0, 0)
(0, 0)
(0, 0)
(0, 0)
(0, 0)
(0, 0)
(0, 0)
(0, 0)
(0, 0)
(0, 0)
(0, 0)
(0, 0)
(0, 0)
(0, 0)
(0, 0)
(0, 0)
(0, 0)
(0, 0)
(0, 0)
(0, 0)
(0, 0)
(0, 0)
(0, 0)
(0, 0)
(0, 0)
(0, 0)
(0, 0)
(0, 0)
(0, 0)
(0, 0)
(0, 0)
(0, 0)
(0, 0)
(0, 0)
(0, 0)
(0, 0)
(0, 0)
(0, 0)
(0, 0)
(0, 0)
(0, 0)
(0, 0)
(0, 0)
(0, 0)
(0, 0)
(0, 0)
(0, 0)
(0, 0)
(0, 0)
(0, 0)
(0, 0)
(0, 0)
(0, 0)
(0, 0)
(0, 0)
(0, 0)
(0, 0)
(0, 0)
(0, 0)
(0, 0)
(0, 0)
(0, 0)
(0, 0)
(0, 0)
(0, 0)
(0, 0)
(0, 0)
(0, 0)
(0, 0)
(0, 0)
(0, 0)
(0, 0)
(0, 0)
(0, 0)
(0, 0)
(0, 0)
(0, 0)
(0, 0)
(0, 0)
(0, 0)
(0, 0)
(0, 0)
(0, 0)
(0, 0)
(0, 0)
(0, 0)
(0, 0)
(0, 0)
(0, 0)
(0, 0)
(0, 0)
(0, 0)
(0, 0)
(0, 0)
(0, 0)
(0, 0)
(0, 0)
(0, 0)
(0, 0)
(0, 0)
(0, 0)
(0, 0)
(0, 0)
(0, 0)
(0, 0)
(0, 0)
(0, 0)
(0, 0)
(0, 0)
(0, 0)
(0, 0)
(0, 0)
(0, 0)
(0, 0)
(0, 0)
(0, 0)
(0, 0)
(0, 0)
(0, 0)
(0, 0)
(0, 0)
(0, 0)
(0, 0)
(0, 0)
(0, 0)
(0, 0)
(0, 0)
(0, 0)
(0, 0)
(0, 0)
(0, 0)
(0, 0)
(0, 0)
(0, 0)
(0, 0)
(0, 0)
(0, 0)
(0, 0)
(0, 0)
(0, 0)
(0, 0)
(0, 0)
(0, 0)
(0, 0)
(0, 0)
(0, 0)
(0, 0)
(0, 0)
(0, 0)
(0, 0)
(0, 0)
(0, 0)
(0, 0)
(0, 0)
123: (0, 42)
14: (43, 55)
87: (56, 105)
41: (106, 118)
233: (119, 138)
125: (139, 153)
39: (154, 164)
209: (165, 176)
224: (177, 178)
252: (179, 260)
183: (261, 289)
58: (290, 311)
121: (312, 341)
123: (342, 359)
151: (360, 501)
58: (502, 540)
127: (541, 549)
175: (550, 568)
51: (569, 573)
17: (574, 594)
71: (595, 601)
80: (602, 607)
142: (608, 676)
211: (677, 697)
38: (698, 701)
91: (702, 722)
2: (723, 727)
29: (728, 733)
241: (734, 748)
32: (749, 756)
255: (757, 763)
5: (764, 780)
230: (781, 792)
235: (793, 819)
144: (820, 840)
74: (841, 851)
231: (852, 853)
127: (854, 905)
48: (906, 915)
111: (916, 1009)
69: (1010, 1013)
68: (1014, 1017)
168: (1018, 1023)
(290, 311)
(43, 55)
123: (0, 42)
14: (43, 55)
87: (56, 105)
41: (106, 118)
233: (119, 138)
125: (139, 153)
39: (154, 164)
209: (165, 176)
224: (177, 178)
252: (179, 260)
183: (261, 289)
58: (290, 311)
121: (312, 341)
123: (342, 359)
151: (360, 501)
58: (502, 540)
127: (541, 549)
175: (550, 568)
51: (569, 573)
17: (574, 594)
71: (595, 601)
80: (602, 607)
142: (608, 676)
211: (677, 697)
38: (698, 701)
91: (702, 722)
2: (723, 727)
29: (728, 733)
241: (734, 748)
32: (749, 756)
255: (757, 763)
5: (764, 780)
230: (781, 792)
235: (793, 819)
144: (820, 840)
74: (841, 851)
231: (852, 853)
127: (854, 905)
48: (906, 915)
111: (916, 1009)
69: (1010, 1013)
68: (1014, 1017)
168: (1018, 1023)
(0, 0)
(0, 0)
(0, 0)
(0, 0)
(0, 0)
(0, 0)
(0, 0)
(0, 0)
(0, 0)
(0, 0)
(0, 0)
(0, 0)
(0, 0)
(0, 0)
(0, 0)
(0, 0)
(0, 0)
(0, 0)
(0, 0)
(0, 0)
(0, 0)
(0, 0)
(0, 0)
(0, 0)
(0, 0)
(0, 0)
(0, 0)
(0, 0)
(0, 0)
(0, 0)
(0, 0)
(0, 0)
(0, 0)
(0, 0)
(0, 0)
(0, 0)
(0, 0)
(0, 0)
(0, 0)
(0, 0)
(0, 0)
(0, 0)
(0, 0)
(0, 0)
(0, 0)
(0, 0)
(0, 0)
(0, 0)
(0, 0)
(0, 0)
(0, 0)
(0, 0)
(0, 0)
(0, 0)
(0, 0)
(0, 0)
(0, 0)
(0, 0)
(0, 0)
(0, 0)
(0, 0)
(0, 0)
(0, 0)
(0, 0)
(0, 0)
(0, 0)
(0, 0)
(0, 0)
(0, 0)
(0, 0)
(0, 0)
(0, 0)
(0, 0)
(0, 0)
(0, 0)
(0, 0)
(0, 0)
(0, 0)
(0, 0)
(0, 0)
(0, 0)
(0, 0)
(0, 0)
(0, 0)
(0, 0)
(0, 0)
(0, 0)
(0, 0)
(0, 0)
(0, 0)
(0, 0)
(0, 0)
(0, 0)
(0, 0)
(0, 0)
(0, 0)
(0, 0)
(0, 0)
(0, 0)
(0, 0)
(0, 0)
(0, 0)
(0, 0)
(0, 0)
(0, 0)
(0, 0)
(0, 0)
(0, 0)
(0, 0)
(0, 0)
(0, 0)
(0, 0)
(0, 0)
(0, 0)
(0, 0)
(0, 0)
(0, 0)
(0, 0)
(0, 0)
(0, 0)
(0, 0)
(0, 0)
(0, 0)
(0, 0)
(0, 0)
(0, 0)
(0, 0)
(0, 0)
(0, 0)
(0, 0)
(0, 0)
(0, 0)
(0, 0)
(0, 0)
(0, 0)
(0, 0)
(0, 0)
(0, 0)
(0, 0)
(0, 0)
(0, 0)
(0, 0)
(0, 0)
(0, 0)
(0, 0)
(0, 0)
(0, 0)
(0, 0)
(0, 0)
(0, 0)
(0, 0)
(0, 0)
(0, 0)
(0, 0)
(0, 0)
(0, 0)
(0, 0)
(698, 701)
123: (0, 42)
14: (43, 55)
87: (56, 105)
41: (106, 118)
233: (119, 138)
125: (139, 153)
39: (154, 164)
209: (165, 176)
224: (177, 178)
252: (179, 260)
183: (261, 289)
58: (290, 311)
121: (312, 341)
123: (342, 359)
151: (360, 501)
58: (502, 540)
127: (541, 549)
175: (550, 568)
51: (569, 573)
17: (574, 594)
71: (595, 601)
80: (602, 607)
142: (608, 676)
211: (677, 697)
38: (698, 701)
91: (702, 722)
2: (723, 727)
29: (728, 733)
241: (734, 748)
32: (749, 756)
255: (757, 763)
5: (764, 780)
230: (781, 792)
235: (793, 819)
144: (820, 840)
74: (841, 851)
231: (852, 853)
127: (854, 905)
48: (906, 915)
111: (916, 1009)
69: (1010, 1013)
68: (1014, 1017)
168: (1018, 1023)
(0, 0)
(0, 0)
(0, 0)
(0, 0)
(0, 0)
(0, 0)
(0, 0)
(0, 0)
(0, 0)
(0, 0)
(0, 0)
(0, 0)
(0, 0)
(0, 0)
(0, 0)
(0, 0)
(0, 0)
(0, 0)
(0, 0)
(0, 0)
(0, 0)
(0, 0)
(0, 0)
(0, 0)
(0, 0)
(0, 0)
(0, 0)
(0, 0)
(0, 0)
(0, 0)
(0, 0)
(0, 0)
(0, 0)
(0, 0)
(0, 0)
(0, 0)
(0, 0)
(0, 0)
(0, 0)
(0, 0)
(0, 0)
(0, 0)
(0, 0)
(0, 0)
(0, 0)
(0, 0)
(0, 0)
(0, 0)
(0, 0)
(0, 0)
(0, 0)
(0, 0)
(0, 0)
(0, 0)
(0, 0)
(0, 0)
(0, 0)
(0, 0)
(0, 0)
(0, 0)
(0, 0)
(0, 0)
(0, 0)
(0, 0)
(0, 0)
(0, 0)
(0, 0)
(0, 0)
(0, 0)
(0, 0)
(0, 0)
(0, 0)
(0, 0)
(0, 0)
(0, 0)
(0, 0)
(0, 0)
(0, 0)
(0, 0)
(0, 0)
(0, 0)
(0, 0)
(0, 0)
(0, 0)
(0, 0)
(0, 0)
(0, 0)
(0, 0)
(0, 0)
(0, 0)
(0, 0)
(0, 0)
(0, 0)
(0, 0)
(0, 0)
(0, 0)
(0, 0)
(0, 0)
(0, 0)
(0, 0)
(0, 0)
(0, 0)
(0, 0)
(0, 0)
(0, 0)
(0, 0)
(0, 0)
(0, 0)
(0, 0)
(0, 0)
(0, 0)
(0, 0)
(0, 0)
(0, 0)
(0, 0)
(0, 0)
(0, 0)
(0, 0)
(0, 0)
(0, 0)
(0, 0)
(0, 0)
(0, 0)
(0, 0)
(0, 0)
(0, 0)
(0, 0)
(0, 0)
(0, 0)
(0, 0)
(0, 0)
(0, 0)
123: (0, 42)
14: (43, 55)
87: (56, 105)
41: (106, 118)
233: (119, 138)
125: (139, 153)
39: (154, 164)
209: (165, 176)
224: (177, 178)
252: (179, 260)
183: (261, 289)
58: (290, 311)
121: (312, 341)
123: (342, 359)
151: (360, 501)
58: (502, 540)
127: (541, 549)
175: (550, 568)
51: (569, 573)
17: (574, 594)
71: (595, 601)
80: (602, 607)
142: (608, 676)
211: (677, 697)
38: (698, 701)
91: (702, 722)
2: (723, 727)
29: (728, 733)
241: (734, 748)
32: (749, 756)
255: (757, 763)
5: (764, 780)
230: (781, 792)
235: (793, 819)
144: (820, 840)
74: (841, 851)
231: (852, 853)
127: (854, 905)
48: (906, 915)
111: (916, 1009)
69: (1010, 1013)
68: (1014, 1017)
168: (1018, 1023)
(0, 0)
(0, 0)
(0, 0)
(0, 0)
(0, 0)
(0, 0)
(0, 0)
(0, 0)
(569, 573)
123: (0, 42)
14: (43, 55)
87: (56, 105)
41: (106, 118)
233: (119, 138)
125: (139, 153)
39: (154, 164)
209: (165, 176)
224: (177, 178)
252: (179, 260)
183: (261, 289)
58: (290, 311)
121: (312, 341)
123: (342, 359)
151: (360, 501)
58: (502, 540)
127: (541, 549)
175: (550, 568)
51: (569, 573)
17: (574, 594)
71: (595, 601)
80: (602, 607)
142: (608, 676)
211: (677, 697)
38: (698, 701)
91: (702, 722)
2: (723, 727)
29: (728, 733)
241: (734, 748)
32: (749, 756)
255: (757, 763)
5: (764, 780)
230: (781, 792)
235: (793, 819)
144: (820, 840)
74: (841, 851)
231: (852, 853)
127: (854, 905)
48: (906, 915)
111: (916, 1009)
69: (1010, 1013)
68: (1014, 1017)
168: (1018, 1023)
123: (0, 42)
14: (43, 55)
87: (56, 105)
41: (106, 118)
233: (119, 138)
125: (139, 153)
39: (154, 164)
209: (165, 176)
224: (177, 178)
252: (179, 260)
183: (261, 289)
58: (290, 311)
121: (312, 341)
123: (342, 359)
151: (360, 501)
58: (502, 540)
127: (541, 549)
175: (550, 568)
17: (574, 594)
71: (595, 601)
80: (602, 607)
142: (608, 676)
211: (677, 697)
38: (698, 701)
91: (702, 722)
2: (723, 727)
29: (728, 733)
241: (734, 748)
32: (749, 756)
255: (757, 763)
5: (764, 780)
230: (781, 792)
235: (793, 819)
144: (820, 840)
74: (841, 851)
231: (852, 853)
127: (854, 905)
48: (906, 915)
111: (916, 1009)
69: (1010, 1013)
68: (1014, 1017)
168: (1018, 1023)
(0, 0)
(0, 0)
(0, 0)
(0, 0)
(0, 0)
(0, 0)
(0, 0)
(0, 0)
(0, 0)
(0, 0)
(0, 0)
(0, 0)
(0, 0)
(0, 0)
(0, 0)
(0, 0)
(0, 0)
(0, 0)
(0, 0)
(0, 0)
(0, 0)
(0, 0)
(0, 0)
(0, 0)
(0, 0)
(0, 0)
(0, 0)
(0, 0)
(0, 0)
(0, 0)
(0, 0)
(0, 0)
(0, 0)
(0, 0)
(0, 0)
(0, 0)
(0, 0)
(0, 0)
(0, 0)
(0, 0)
(0, 0)
(0, 0)
(0, 0)
(0, 0)
(0, 0)
(0, 0)
(0, 0)
(0, 0)
(0, 0)
(0, 0)
(0, 0)
(0, 0)
(0, 0)
(0, 0)
(0, 0)
(0, 0)
(0, 0)
(0, 0)
(0, 0)
(0, 0)
(0, 0)
(0, 0)
(0, 0)
(0, 0)
(0, 0)
(0, 0)
(0, 0)
(0, 0)
(0, 0)
(0, 0)
(0, 0)
(0, 0)
(0, 0)
(0, 0)
(0, 0)
(0, 0)
(0, 0)
(0, 0)
(0, 0)
(0, 0)
(0, 0)
(0, 0)
(0, 0)
(0, 0)
(0, 0)
(0, 0)
(0, 0)
(0, 0)
(0, 0)
(0, 0)
(0, 0)
(0, 0)
(0, 0)
(0, 0)
(0, 0)
(0, 0)
(0, 0)
(0, 0)
(0, 0)
(0, 0)
(0, 0)
(0, 0)
(0, 0)
(0, 0)
(0, 0)
(0, 0)
(0, 0)
(0, 0)
(0, 0)
(0, 0)
(0, 0)
(0, 0)
(0, 0)
(0, 0)
(0, 0)
(0, 0)
(0, 0)
(0, 0)
(0, 0)
(0, 0)
(0, 0)
(0, 0)
(0, 0)
(0, 0)
(0, 0)
(0, 0)
(0, 0)
(0, 0)
(0, 0)
(0, 0)
(0, 0)
(0, 0)
(0, 0)
(0, 0)
(0, 0)
(0, 0)
(0, 0)
(0, 0)
(0, 0)
(0, 0)
(0, 0)
(0, 0)
(0, 0)
(0, 0)
(0, 0)
(0, 0)
(0, 0)
(0, 0)
(0, 0)
(0, 0)
(0, 0)
(0, 0)
(0, 0)
(0, 0)
(0, 0)
(0, 0)
(0, 0)
(0, 0)
(0, 0)
(0, 0)
(0, 0)
(0, 0)
(0, 0)
(0, 0)
(0, 0)
(0, 0)
(0, 0)
(0, 0)
(0, 0)
(0, 0)
(0, 0)
(0, 0)
(0, 0)
(0, 0)
(0, 0)
(0, 0)
(0, 0)
(0, 0)
(0, 0)
(0, 0)
(0, 0)
(0, 0)
(0, 0)
(0, 0)
(0, 0)
(0, 0)
(0, 0)
(0, 0)
(0, 0)
(0, 0)
(0, 0)
(0, 0)
(0, 0)
(0, 0)
(0, 0)
(0, 0)
(0, 0)
(0, 0)
(0, 0)
(0, 0)
(0, 0)
(0, 0)
(0, 0)
(0, 0)
(0, 0)
(0, 0)
(0, 0)
(0, 0)
(0, 0)
(0, 0)
(0, 0)
(0, 0)
(0, 0)
(0, 0)
(0, 0)
(0, 0)
(0, 0)
(0, 0)
(0, 0)
(0, 0)
(0, 0)
(0, 0)
(0, 0)
(0, 0)
(0, 0)
(0, 0)
(0, 0)
(0, 0)
(0, 0)
(0, 0)
(0, 0)
(0, 0)
(0, 0)
(0, 0)
(0, 0)
(0, 0)
(0, 0)
(0, 0)
(0, 0)
(0, 0)
(0, 0)
(0, 0)
(0, 0)
(0, 0)
(0, 0)
(0, 0)
(0, 0)
(0, 0)
(0, 0)
(0, 0)
(0, 0)
(0, 0)
(0, 0)
55: (569, 574)
(0, 0)
(0, 0)
(0, 0)
(0, 0)
(0, 0)
(0, 0)
(0, 0)
(0, 0)
(0, 0)
(0, 0)
(0, 0)
(0, 0)
(0, 0)
123: (0, 42)
14: (43, 55)
87: (56, 105)
41: (106, 118)
233: (119, 138)
125: (139, 153)
39: (154, 164)
209: (165, 176)
224: (177, 178)
252: (179, 260)
183: (261, 289)
58: (290, 311)
121: (312, 341)
123: (342, 359)
151: (360, 501)
58: (502, 540)
127: (541, 549)
175: (550, 568)
55: (569, 574)
17: (575, 594)
71: (595, 601)
80: (602, 607)
142: (608, 676)
211: (677, 697)
38: (698, 701)
91: (702, 722)
2: (723, 727)
29: (728, 733)
241: (734, 748)
32: (749, 756)
255: (757, 763)
5: (764, 780)
230: (781, 792)
144: (820, 840)
74: (841, 851)
231: (852, 853)
127: (854, 905)
48: (906, 915)
111: (916, 1009)
69: (1010, 1013)
68: (1014, 1017)
168: (1018, 1023)
123: (0, 42)
14: (43, 55)
87: (56, 105)
41: (106, 118)
233: (119, 138)
125: (139, 153)
39: (154, 164)
209: (165, 176)
224: (177, 178)
252: (179, 260)
183: (261, 289)
58: (290, 311)
121: (312, 341)
123: (342, 359)
151: (360, 501)
58: (502, 540)
127: (541, 549)
175: (550, 568)
55: (569, 574)
17: (575, 594)
71: (595, 601)
80: (602, 607)
142: (608, 676)
211: (677, 697)
38: (698, 701)
91: (702, 722)
2: (723, 727)
29: (728, 733)
241: (734, 748)
32: (749, 756)
255: (757, 763)
5: (764, 780)
230: (781, 792)
144: (793, 813)
74: (814, 824)
231: (825, 826)
127: (827, 878)
48: (879, 888)
111: (889, 982)
69: (983, 986)
68: (987, 990)
168: (991, 996)
123: (0, 42)
14: (43, 55)
87: (56, 105)
41: (106, 118)
233: (119, 138)
125: (139, 153)
39: (154, 164)
209: (165, 176)
224: (177, 178)
252: (179, 260)
183: (261, 289)
58: (290, 311)
121: (312, 341)
123: (342, 359)
151: (360, 501)
58: (502, 540)
127: (541, 549)
175: (550, 568)
55: (569, 574)
17: (575, 594)
71: (595, 601)
80: (602, 607)
142: (608, 676)
211: (677, 697)
91: (702, 722)
2: (723, 727)
29: (728, 733)
241: (734, 748)
32: (749, 756)
255: (757, 763)
5: (764, 780)
230: (781, 792)
144: (793, 813)
74: (814, 824)
231: (825, 826)
127: (827, 878)
48: (879, 888)
111: (889, 982)
69: (983, 986)
68: (987, 990)
168: (991, 996)
123: (0, 42)
14: (43, 55)
87: (56, 105)
41: (106, 118)
233: (119, 138)
125: (139, 153)
39: (154, 164)
209: (165, 176)
224: (177, 178)
252: (179, 260)
183: (261, 289)
58: (290, 311)
121: (312, 341)
123: (342, 359)
151: (360, 501)
58: (502, 540)
127: (541, 549)
175: (550, 568)
55: (569, 574)
17: (575, 594)
71: (595, 601)
80: (602, 607)
142: (608, 676)
211: (677, 697)
91: (698, 718)
2: (719, 723)
29: (724, 729)
241: (730, 744)
32: (745, 752)
255: (753, 759)
5: (760, 776)
230: (777, 788)
144: (789, 809)
74: (810, 820)
231: (821, 822)
127: (823, 874)
48: (875, 884)
111: (885, 978)
69: (979, 982)
68: (983, 986)
168: (987, 992)
(0, 0)
(0, 0)
(0, 0)
(0, 0)
(0, 0)
(0, 0)
(0, 0)
(0, 0)
(0, 0)
(0, 0)
(0, 0)
(0, 0)
(0, 0)
(0, 0)
(0, 0)
(0, 0)
(0, 0)
(0, 0)
(0, 0)
(0, 0)
(0, 0)
(0, 0)
(0, 0)
(0, 0)
(0, 0)
(0, 0)
(0, 0)
(0, 0)
(0, 0)
(0, 0)
(0, 0)
(0, 0)
(0, 0)
(0, 0)
(0, 0)
(0, 0)
(0, 0)
(0, 0)
(0, 0)
(0, 0)
(0, 0)
(0, 0)
(0, 0)
(0, 0)
(0, 0)
(0, 0)
(0, 0)
(0, 0)
(0, 0)
(0, 0)
(0, 0)
(0, 0)
(0, 0)
(0, 0)
43: (993, 1011)
(0, 0)
(0, 0)
(0, 0)
(0, 0)
(0, 0)
(0, 0)
(0, 0)
(0, 0)
(0, 0)
(0, 0)
(0, 0)
(0, 0)
(0, 0)
(0, 0)
(0, 0)
(0, 0)
(0, 0)
(0, 0)
(0, 0)
(0, 0)
(0, 0)
(0, 0)
(0, 0)
(0, 0)
(0, 0)
(0, 0)
(0, 0)
(0, 0)
(0, 0)
(0, 0)
(0, 0)
(0, 0)
(0, 0)
(0, 0)
(0, 0)
(0, 0)
(0, 0)
(0, 0)
(0, 0)
(0, 0)
(0, 0)
(550, 568)
123: (0, 42)
14: (43, 55)
87: (56, 105)
41: (106, 118)
233: (119, 138)
125: (139, 153)
39: (154, 164)
209: (165, 176)
224: (177, 178)
252: (179, 260)
183: (261, 289)
58: (290, 311)
121: (312, 341)
123: (342, 359)
151: (360, 501)
58: (502, 540)
127: (541, 549)
175: (550, 568)
55: (569, 574)
17: (575, 594)
71: (595, 601)
80: (602, 607)
142: (608, 676)
211: (677, 697)
91: (698, 718)
2: (719, 723)
29: (724, 729)
241: (730, 744)
32: (745, 752)
255: (753, 759)
5: (760, 776)
230: (777, 788)
144: (789, 809)
74: (810, 820)
231: (821, 822)
127: (823, 874)
48: (875, 884)
111: (885, 978)
69: (979, 982)
68: (983, 986)
168: (987, 992)
43: (993, 1011)
(0, 0)
(0, 0)
(0, 0)
(0, 0)
(0, 0)
(0, 0)
(0, 0)
(0, 0)
(0, 0)
(0, 0)
(0, 0)
(0, 0)
(0, 0)
(0, 0)
(0, 0)
(0, 0)
(0, 0)
(0, 0)
(0, 0)
(0, 0)
(0, 0)
97: (1012, 1017)
(0, 0)
(0, 0)
(0, 0)
(0, 0)
(0, 0)
(0, 0)
(0, 0)
(0, 0)
(0, 0)
(0, 0)
(0, 0)
(0, 0)
(0, 0)
(0, 0)
(0, 0)
(0, 0)
(0, 0)
(0, 0)
(0, 0)
(0, 0)
(0, 0)
(0, 0)
(0, 0)
123: (0, 42)
14: (43, 55)
87: (56, 105)
41: (106, 118)
233: (119, 138)
125: (139, 153)
39: (154, 164)
209: (165, 176)
224: (177, 178)
252: (179, 260)
183: (261, 289)
58: (290, 311)
121: (312, 341)
123: (342, 359)
151: (360, 501)
58: (502, 540)
127: (541, 549)
175: (550, 568)
55: (569, 574)
17: (575, 594)
71: (595, 601)
80: (602, 607)
142: (608, 676)
211: (677, 697)
91: (698, 718)
2: (719, 723)
29: (724, 729)
241: (730, 744)
32: (745, 752)
255: (753, 759)
5: (760, 776)
230: (777, 788)
144: (789, 809)
74: (810, 820)
231: (821, 822)
127: (823, 874)
48: (875, 884)
111: (885, 978)
69: (979, 982)
68: (983, 986)
168: (987, 992)
43: (993, 1011)
97: (1012, 1017)
123: (0, 42)
14: (43, 55)
87: (56, 105)
41: (106, 118)
233: (119, 138)
125: (139, 153)
39: (154, 164)
209: (165, 176)
224: (177, 178)
252: (179, 260)
183: (261, 289)
58: (290, 311)
121: (312, 341)
123: (342, 359)
151: (360, 501)
58: (502, 540)
127: (541, 549)
175: (550, 568)
55: (569, 574)
17: (575, 594)
71: (595, 601)
80: (602, 607)
142: (608, 676)
211: (677, 697)
91: (698, 718)
2: (719, 723)
29: (724, 729)
241: (730, 744)
32: (745, 752)
255: (753, 759)
5: (760, 776)
230: (777, 788)
144: (789, 809)
74: (810, 820)
231: (821, 822)
127: (823, 874)
48: (875, 884)
111: (885, 978)
69: (979, 982)
68: (983, 986)
168: (987, 992)
43: (993, 1011)
97: (1012, 1017)
(575, 594)
(0, 0)
123: (0, 42)
14: (43, 55)
87: (56, 105)
41: (106, 118)
233: (119, 138)
125: (139, 153)
39: (154, 164)
209: (165, 176)
224: (177, 178)
252: (179, 260)
183: (261, 289)
58: (290, 311)
121: (312, 341)
123: (342, 359)
151: (360, 501)
58: (502, 540)
127: (541, 549)
175: (550, 568)
55: (569, 574)
17: (575, 594)
71: (595, 601)
80: (602, 607)
142: (608, 676)
91: (698, 718)
2: (719, 723)
29: (724, 729)
241: (730, 744)
32: (745, 752)
255: (753, 759)
5: (760, 776)
230: (777, 788)
144: (789, 809)
74: (810, 820)
231: (821, 822)
127: (823, 874)
48: (875, 884)
111: (885, 978)
69: (979, 982)
68: (983, 986)
168: (987, 992)
43: (993, 1011)
97: (1012, 1017)
(0, 0)
(0, 0)
(0, 0)
(0, 0)
(0, 0)
(0, 0)
(0, 0)
(0, 0)
(0, 0)
(0, 0)
(0, 0)
(0, 0)
(0, 0)
(0, 0)
(0, 0)
(0, 0)
(0, 0)
(0, 0)
(0, 0)
(0, 0)
(0, 0)
(0, 0)
(0, 0)
(0, 0)
(0, 0)
(0, 0)
(0, 0)
(0, 0)
(0, 0)
(0, 0)
(0, 0)
(0, 0)
(0, 0)
(0, 0)
(0, 0)
(0, 0)
(0, 0)
(0, 0)
(0, 0)
(0, 0)
(0, 0)
(0, 0)
(0, 0)
(0, 0)
(0, 0)
(0, 0)
(0, 0)
(0, 0)
(0, 0)
(0, 0)
(0, 0)
(0, 0)
(0, 0)
(0, 0)
(0, 0)
(0, 0)
(0, 0)
(0, 0)
(0, 0)
(0, 0)
(0, 0)
(0, 0)
(0, 0)
(0, 0)
86: (677, 686)
(0, 0)
(0, 0)
(0, 0)
(0, 0)
(0, 0)
(0, 0)
(0, 0)
(0, 0)
(0, 0)
(0, 0)
(0, 0)
(0, 0)
(0, 0)
(0, 0)
(0, 0)
(0, 0)
(0, 0)
(0, 0)
(0, 0)
(0, 0)
(0, 0)
(0, 0)
(0, 0)
(0, 0)
(0, 0)
(0, 0)
(0, 0)
(0, 0)
(0, 0)
(0, 0)
242: (687, 694)
(0, 0)
(0, 0)
(0, 0)
(0, 0)
(0, 0)
(0, 0)
(0, 0)
(0, 0)
(0, 0)
(0, 0)
(0, 0)
(0, 0)
(0, 0)
(0, 0)
(0, 0)
(0, 0)
(0, 0)
(165, 176)
123: (0, 42)
14: (43, 55)
87: (56, 105)
41: (106, 118)
233: (119, 138)
125: (139, 153)
39: (154, 164)
209: (165, 176)
224: (177, 178)
252: (179, 260)
183: (261, 289)
58: (290, 311)
121: (312, 341)
123: (342, 359)
151: (360, 501)
58: (502, 540)
127: (541, 549)
175: (550, 568)
55: (569, 574)
17: (575, 594)
71: (595, 601)
80: (602, 607)
142: (608, 676)
86: (677, 686)
242: (687, 694)
91: (695, 715)
2: (716, 720)
29: (721, 726)
241: (727, 741)
32: (742, 749)
255: (750, 756)
5: (757, 773)
230: (774, 785)
144: (786, 806)
74: (807, 817)
231: (818, 819)
127: (820, 871)
48: (872, 881)
111: (882, 975)
69: (976, 979)
68: (980, 983)
168: (984, 989)
43: (990, 1008)
97: (1009, 1014)
(0, 0)
14: (43, 55)
87: (56, 105)
41: (106, 118)
233: (119, 138)
125: (139, 153)
39: (154, 164)
209: (165, 176)
224: (177, 178)
252: (179, 260)
183: (261, 289)
58: (290, 311)
121: (312, 341)
123: (342, 359)
151: (360, 501)
58: (502, 540)
127: (541, 549)
175: (550, 568)
55: (569, 574)
17: (575, 594)
71: (595, 601)
80: (602, 607)
142: (608, 676)
86: (677, 686)
242: (687, 694)
91: (695, 715)
2: (716, 720)
29: (721, 726)
241: (727, 741)
32: (742, 749)
255: (750, 756)
5: (757, 773)
230: (774, 785)
144: (786, 806)
74: (807, 817)
231: (818, 819)
127: (820, 871)
48: (872, 881)
111: (882, 975)
69: (976, 979)
68: (980, 983)
168: (984, 989)
43: (990, 1008)
97: (1009, 1014)
14: (43, 55)
87: (56, 105)
41: (106, 118)
233: (119, 138)
125: (139, 153)
39: (154, 164)
209: (165, 176)
224: (177, 178)
252: (179, 260)
183: (261, 289)
58: (290, 311)
121: (312, 341)
123: (342, 359)
151: (360, 501)
58: (502, 540)
127: (541, 549)
175: (550, 568)
55: (569, 574)
17: (575, 594)
71: (595, 601)
80: (602, 607)
142: (608, 676)
242: (687, 694)
91: (695, 715)
2: (716, 720)
29: (721, 726)
241: (727, 741)
32: (742, 749)
255: (750, 756)
5: (757, 773)
230: (774, 785)
144: (786, 806)
74: (807, 817)
231: (818, 819)
127: (820, 871)
48: (872, 881)
111: (882, 975)
69: (976, 979)
68: (980, 983)
168: (984, 989)
43: (990, 1008)
97: (1009, 1014)
(541, 549)
(608, 676)
14: (0, 12)
87: (13, 62)
41: (63, 75)
233: (76, 95)
125: (96, 110)
39: (111, 121)
209: (122, 133)
224: (134, 135)
252: (136, 217)
183: (218, 246)
58: (247, 268)
121: (269, 298)
123: (299, 316)
151: (317, 458)
58: (459, 497)
127: (498, 506)
175: (507, 525)
55: (526, 531)
17: (532, 551)
71: (552, 558)
80: (559, 564)
142: (565, 633)
242: (634, 641)
91: (642, 662)
2: (663, 667)
29: (668, 673)
241: (674, 688)
32: (689, 696)
255: (697, 703)
5: (704, 720)
230: (721, 732)
144: (733, 753)
74: (754, 764)
231: (765, 766)
127: (767, 818)
48: (819, 828)
111: (829, 922)
69: (923, 926)
68: (927, 930)
168: (931, 936)
43: (937, 955)
97: (956, 961)
14: (0, 12)
87: (13, 62)
233: (76, 95)
125: (96, 110)
39: (111, 121)
209: (122, 133)
224: (134, 135)
252: (136, 217)
183: (218, 246)
58: (247, 268)
121: (269, 298)
123: (299, 316)
151: (317, 458)
58: (459, 497)
127: (498, 506)
175: (507, 525)
55: (526, 531)
17: (532, 551)
71: (552, 558)
80: (559, 564)
142: (565, 633)
242: (634, 641)
91: (642, 662)
2: (663, 667)
29: (668, 673)
241: (674, 688)
32: (689, 696)
255: (697, 703)
5: (704, 720)
230: (721, 732)
144: (733, 753)
74: (754, 764)
231: (765, 766)
127: (767, 818)
48: (819, 828)
111: (829, 922)
69: (923, 926)
68: (927, 930)
168: (931, 936)
43: (937, 955)
97: (956, 961)
(0, 0)
(0, 0)
(0, 0)
(0, 0)
(0, 0)
(0, 0)
(0, 0)
(0, 0)
(0, 0)
(0, 0)
(0, 0)
(0, 0)
(0, 0)
(0, 0)
(0, 0)
(0, 0)
(0, 0)
(0, 0)
(0, 0)
(0, 0)
(0, 0)
(0, 0)
(0, 0)
(0, 0)
(0, 0)
(0, 0)
(0, 0)
99: (962, 1001)
(0, 0)
(0, 0)
(0, 0)
(0, 0)
(0, 0)
(0, 0)
(0, 0)
(0, 0)
(0, 0)
(0, 0)
(0, 0)
(0, 0)
(0, 0)
(0, 0)
(0, 0)
(0, 0)
(0, 0)
(0, 0)
(0, 0)
(0, 0)
(0, 0)
(0, 0)
(0, 0)
(0, 0)
(0, 0)
(0, 0)
(0, 0)
(0, 0)
(0, 0)
(0, 0)
(0, 0)
(0, 0)
(0, 0)
(0, 0)
(0, 0)
(0, 0)
(0, 0)
(0, 0)
(0, 0)
(0, 0)
(0, 0)
(0, 0)
(0, 0)
(0, 0)
(0, 0)
(0, 0)
(0, 0)
(0, 0)
(0, 0)
(0, 0)
(0, 0)
(0, 0)
(0, 0)
(0, 0)
(0, 0)
(0, 0)
(0, 0)
(0, 0)
(0, 0)
(0, 0)
(0, 0)
(0, 0)
(0, 0)
(0, 0)
(0, 0)
(0, 0)
(0, 0)
(0, 0)
(0, 0)
(0, 0)
(0, 0)
(0, 0)
(0, 0)
(0, 0)
(0, 0)
(0, 0)
165: (1002, 1021)
(0, 0)
(0, 0)
(0, 0)
(0, 0)
(0, 0)
(0, 0)
(0, 0)
(0, 0)
(0, 0)
(0, 0)
(0, 0)
(0, 0)
(0, 0)
(0, 0)
(0, 0)
(0, 0)
(0, 0)
(0, 0)
(0, 0)
(0, 0)
(0, 0)
(0, 0)
(0, 0)
(0, 0)
(0, 0)
(0, 0)
(0, 0)
(0, 0)
(0, 0)
(0, 0)
(0, 0)
(0, 0)
(0, 0)
(0, 0)
(0, 0)
(0, 0)
(0, 0)
(0, 0)
(0, 0)
(0, 0)
(0, 0)
(0, 0)
(0, 0)
(0, 0)
(0, 0)
(0, 0)
(0, 0)
153: (63, 76)
(0, 0)
(0, 0)
(0, 0)
(0, 0)
(0, 0)
(0, 0)
(0, 0)
(0, 0)
(0, 0)
(0, 0)
(0, 0)
(0, 0)
(0, 0)
(0, 0)
(0, 0)
(0, 0)
(0, 0)
(0, 0)
(0, 0)
(0, 0)
(754, 764)
(0, 0)
(0, 0)
(0, 0)
(0, 0)
(0, 0)
(0, 0)
(0, 0)
(0, 0)
(0, 0)
(0, 0)
(0, 0)
(0, 0)
(0, 0)
(0, 0)
(0, 0)
(0, 0)
(0, 0)
(0, 0)
(0, 0)
(0, 0)
(0, 0)
(0, 0)
(0, 0)
(0, 0)
(0, 0)
(0, 0)
(0, 0)
(0, 0)
(0, 0)
(0, 0)
(0, 0)
(0, 0)
(0, 0)
(0, 0)
(0, 0)
(0, 0)
(0, 0)
(0, 0)
(0, 0)
(0, 0)
(0, 0)
(0, 0)
(0, 0)
(0, 0)
(0, 0)
(0, 0)
(0, 0)
(0, 0)
(0, 0)
(0, 0)
(0, 0)
(0, 0)
(0, 0)
(0, 0)
(0, 0)
(0, 0)
(0, 0)
(0, 0)
(0, 0)
(0, 0)
(0, 0)
(0, 0)
(0, 0)
(0, 0)
14: (0, 12)
87: (13, 62)
153: (63, 76)
233: (77, 95)
125: (96, 110)
39: (111, 121)
209: (122, 133)
224: (134, 135)
252: (136, 217)
183: (218, 246)
58: (247, 268)
121: (269, 298)
123: (299, 316)
151: (317, 458)
58: (459, 497)
127: (498, 506)
175: (507, 525)
55: (526, 531)
17: (532, 551)
71: (552, 558)
80: (559, 564)
142: (565, 633)
242: (634, 641)
91: (642, 662)
2: (663, 667)
29: (668, 673)
241: (674, 688)
32: (689, 696)
255: (697, 703)
5: (704, 720)
230: (721, 732)
144: (733, 753)
74: (754, 764)
231: (765, 766)
127: (767, 818)
48: (819, 828)
111: (829, 922)
69: (923, 926)
68: (927, 930)
168: (931, 936)
43: (937, 955)
97: (956, 961)
99: (962, 1001)
165: (1002, 1021)
14: (0, 12)
87: (13, 62)
153: (63, 76)
233: (77, 95)
125: (96, 110)
39: (111, 121)
209: (122, 133)
224: (134, 135)
252: (136, 217)
183: (218, 246)
58: (247, 268)
121: (269, 298)
123: (299, 316)
151: (317, 458)
58: (459, 497)
127: (498, 506)
175: (507, 525)
55: (526, 531)
17: (532, 551)
71: (552, 558)
80: (559, 564)
142: (565, 633)
242: (634, 641)
91: (642, 662)
2: (663, 667)
29: (668, 673)
241: (674, 688)
32: (689, 696)
255: (697, 703)
5: (704, 720)
230: (721, 732)
144: (733, 753)
74: (754, 764)
231: (765, 766)
127: (767, 818)
48: (819, 828)
111: (829, 922)
69: (923, 926)
68: (927, 930)
168: (931, 936)
43: (937, 955)
97: (956, 961)
99: (962, 1001)
165: (1002, 1021)
14: (0, 12)
87: (13, 62)
153: (63, 76)
233: (77, 95)
125: (96, 110)
39: (111, 121)
209: (122, 133)
224: (134, 135)
252: (136, 217)
183: (218, 246)
58: (247, 268)
121: (269, 298)
123: (299, 316)
151: (317, 458)
58: (459, 497)
127: (498, 506)
175: (507, 525)
55: (526, 531)
17: (532, 551)
71: (552, 558)
80: (559, 564)
142: (565, 633)
242: (634, 641)
91: (642, 662)
2: (663, 667)
29: (668, 673)
241: (674, 688)
32: (689, 696)
255: (697, 703)
5: (704, 720)
230: (721, 732)
144: (733, 753)
74: (754, 764)
231: (765, 766)
127: (767, 818)
48: (819, 828)
111: (829, 922)
69: (923, 926)
68: (927, 930)
168: (931, 936)
43: (937, 955)
97: (956, 961)
99: (962, 1001)
165: (1002, 1021)
(0, 0)
(0, 0)
14: (0, 12)
87: (13, 62)
153: (63, 76)
233: (77, 95)
125: (96, 110)
39: (111, 121)
209: (122, 133)
224: (134, 135)
252: (136, 217)
183: (218, 246)
58: (247, 268)
121: (269, 298)
123: (299, 316)
151: (317, 458)
58: (459, 497)
127: (498, 506)
175: (507, 525)
55: (526, 531)
17: (532, 551)
71: (552, 558)
80: (559, 564)
142: (565, 633)
242: (634, 641)
91: (642, 662)
2: (663, 667)
29: (668, 673)
241: (674, 688)
32: (689, 696)
255: (697, 703)
5: (704, 720)
230: (721, 732)
144: (733, 753)
74: (754, 764)
231: (765, 766)
127: (767, 818)
48: (819, 828)
111: (829, 922)
69: (923, 926)
68: (927, 930)
168: (931, 936)
43: (937, 955)
97: (956, 961)
99: (962, 1001)
165: (1002, 1021)
14: (0, 12)
87: (13, 62)
153: (63, 76)
233: (77, 95)
125: (96, 110)
39: (111, 121)
209: (122, 133)
224: (134, 135)
252: (136, 217)
183: (218, 246)
58: (247, 268)
121: (269, 298)
123: (299, 316)
151: (317, 458)
58: (459, 497)
127: (498, 506)
175: (507, 525)
55: (526, 531)
17: (532, 551)
71: (552, 558)
80: (559, 564)
142: (565, 633)
242: (634, 641)
91: (642, 662)
2: (663, 667)
29: (668, 673)
241: (674, 688)
32: (689, 696)
255: (697, 703)
5: (704, 720)
230: (721, 732)
144: (733, 753)
74: (754, 764)
231: (765, 766)
127: (767, 818)
48: (819, 828)
111: (829, 922)
69: (923, 926)
68: (927, 930)
168: (931, 936)
43: (937, 955)
97: (956, 961)
99: (962, 1001)
165: (1002, 1021)
(0, 0)
(0, 0)
(0, 0)
(0, 0)
(0, 0)
(0, 0)
(0, 0)
(0, 0)
(0, 0)
(0, 0)
(0, 0)
(0, 0)
(0, 0)
(0, 0)
(0, 0)
(0, 0)
(0, 0)
(0, 0)
(0, 0)
(0, 0)
(0, 0)
(0, 0)
(0, 0)
(0, 0)
(0, 0)
(0, 0)
(0, 0)
(0, 0)
(0, 0)
(0, 0)
(0, 0)
(0, 0)
(0, 0)
(0, 0)
(0, 0)
(0, 0)
(0, 0)
(0, 0)
(0, 0)
(0, 0)
(0, 0)
(0, 0)
(0, 0)
(0, 0)
(0, 0)
(0, 0)
(0, 0)
(0, 0)
(0, 0)
(0, 0)
(0, 0)
(0, 0)
(0, 0)
(0, 0)
(0, 0)
(0, 0)
(0, 0)
(0, 0)
(0, 0)
(0, 0)
(0, 0)
(0, 0)
(0, 0)
(0, 0)
(0, 0)
(0, 0)
(0, 0)
(0, 0)
(0, 0)
(0, 0)
(0, 0)
(0, 0)
(0, 0)
(0, 0)
(0, 0)
(0, 0)
(0, 0)
(0, 0)
(0, 0)
(0, 0)
(0, 0)
(0, 0)
(0, 0)
(0, 0)
(0, 0)
(0, 0)
(0, 0)
(0, 0)
(0, 0)
(0, 0)
(0, 0)
(0, 0)
(0, 0)
(0, 0)
(0, 0)
(0, 0)
(0, 0)
(0, 0)
(0, 0)
(0, 0)
(0, 0)
(0, 0)
(0, 0)
(0, 0)
(0, 0)
(0, 0)
(0, 0)
(0, 0)
(0, 0)
(0, 0)
(0, 0)
(0, 0)
(0, 0)
(0, 0)
(0, 0)
(0, 0)
(0, 0)
(0, 0)
(0, 0)
(0, 0)
(0, 0)
(0, 0)
(0, 0)
(0, 0)
(0, 0)
(0, 0)
(0, 0)
(0, 0)
(0, 0)
(0, 0)
(0, 0)
(0, 0)
(0, 0)
(0, 0)
(0, 0)
(0, 0)
(0, 0)
(0, 0)
(0, 0)
(0, 0)
(0, 0)
(0, 0)
(0, 0)
(0, 0)
(0, 0)
(0, 0)
(0, 0)
(0, 0)
(0, 0)
(0, 0)
(0, 0)
(0, 0)
(0, 0)
14: (0, 12)
87: (13, 62)
153: (63, 76)
233: (77, 95)
125: (96, 110)
39: (111, 121)
209: (122, 133)
224: (134, 135)
252: (136, 217)
183: (218, 246)
58: (247, 268)
121: (269, 298)
123: (299, 316)
151: (317, 458)
58: (459, 497)
127: (498, 506)
175: (507, 525)
55: (526, 531)
17: (532, 551)
71: (552, 558)
80: (559, 564)
142: (565, 633)
242: (634, 641)
91: (642, 662)
2: (663, 667)
29: (668, 673)
241: (674, 688)
32: (689, 696)
255: (697, 703)
5: (704, 720)
230: (721, 732)
144: (733, 753)
74: (754, 764)
231: (765, 766)
127: (767, 818)
48: (819, 828)
111: (829, 922)
69: (923, 926)
68: (927, 930)
168: (931, 936)
43: (937, 955)
97: (956, 961)
99: (962, 1001)
165: (1002, 1021)
14: (0, 12)
87: (13, 62)
153: (63, 76)
233: (77, 95)
125: (96, 110)
39: (111, 121)
209: (122, 133)
224: (134, 135)
252: (136, 217)
183: (218, 246)
58: (247, 268)
121: (269, 298)
123: (299, 316)
151: (317, 458)
58: (459, 497)
127: (498, 506)
175: (507, 525)
55: (526, 531)
17: (532, 551)
71: (552, 558)
80: (559, 564)
142: (565, 633)
242: (634, 641)
91: (642, 662)
2: (663, 667)
29: (668, 673)
241: (674, 688)
32: (689, 696)
255: (697, 703)
5: (704, 720)
230: (721, 732)
144: (733, 753)
74: (754, 764)
231: (765, 766)
127: (767, 818)
48: (819, 828)
111: (829, 922)
69: (923, 926)
68: (927, 930)
168: (931, 936)
43: (937, 955)
97: (956, 961)
99: (962, 1001)
165: (1002, 1021)
(0, 0)
(0, 0)
(0, 0)
(0, 0)
(0, 0)
(0, 0)
(0, 0)
(0, 0)
(0, 0)
(0, 0)
(0, 0)
(0, 0)
(0, 0)
(0, 0)
(0, 0)
(0, 0)
(0, 0)
(0, 0)
(0, 0)
(0, 0)
(0, 0)
(0, 0)
(0, 0)
(0, 0)
(0, 0)
(0, 0)
(0, 0)
(0, 0)
(0, 0)
(0, 0)
(0, 0)
(0, 0)
(0, 0)
(0, 0)
(0, 0)
(0, 0)
(0, 0)
(0, 0)
(0, 0)
(0, 0)
(0, 0)
(0, 0)
(0, 0)
(0, 0)
(0, 0)
(0, 0)
(0, 0)
(0, 0)
(0, 0)
(0, 0)
(0, 0)
(0, 0)
(0, 0)
(0, 0)
(0, 0)
(0, 0)
(0, 0)
(0, 0)
(0, 0)
(0, 0)
(0, 0)
(0, 0)
(0, 0)
(0, 0)
(0, 0)
(0, 0)
(0, 0)
(0, 0)
(0, 0)
(0, 0)
(0, 0)
(0, 0)
(0, 0)
(0, 0)
(0, 0)
(0, 0)
(0, 0)
(0, 0)
(0, 0)
(0, 0)
(0, 0)
(0, 0)
(0, 0)
(0, 0)
(0, 0)
(0, 0)
(0, 0)
(0, 0)
(0, 0)
(0, 0)
(0, 0)
(0, 0)
(0, 0)
(0, 0)
(0, 0)
(0, 0)
(0, 0)
(0, 0)
(0, 0)
(0, 0)
(0, 0)
(0, 0)
(0, 0)
(634, 641)
(0, 0)
(0, 0)
(0, 0)
(0, 0)
(0, 0)
(0, 0)
(0, 0)
(0, 0)
(0, 0)
(0, 0)
(0, 0)
(0, 0)
(0, 0)
(0, 0)
(0, 0)
(0, 0)
(0, 0)
(0, 0)
(0, 0)
(0, 0)
(0, 0)
(0, 0)
(0, 0)
(0, 0)
(0, 0)
(0, 0)
(0, 0)
(0, 0)
(0, 0)
(0, 0)
(0, 0)
(0, 0)
(0, 0)
(0, 0)
(0, 0)
(0, 0)
(0, 0)
(0, 0)
(0, 0)
(0, 0)
(0, 0)
(0, 0)
(0, 0)
(0, 0)
(0, 0)
(0, 0)
(0, 0)
(0, 0)
(0, 0)
(0, 0)
(0, 0)
(0, 0)
(0, 0)
(0, 0)
(0, 0)
(0, 0)
(498, 506)
(0, 0)
(0, 0)
14: (0, 12)
87: (13, 62)
153: (63, 76)
233: (77, 95)
125: (96, 110)
39: (111, 121)
209: (122, 133)
224: (134, 135)
252: (136, 217)
183: (218, 246)
58: (247, 268)
121: (269, 298)
123: (299, 316)
151: (317, 458)
58: (459, 497)
127: (498, 506)
175: (507, 525)
55: (526, 531)
17: (532, 551)
71: (552, 558)
80: (559, 564)
142: (565, 633)
91: (642, 662)
2: (663, 667)
29: (668, 673)
241: (674, 688)
32: (689, 696)
255: (697, 703)
5: (704, 720)
230: (721, 732)
144: (733, 753)
74: (754, 764)
231: (765, 766)
127: (767, 818)
48: (819, 828)
111: (829, 922)
69: (923, 926)
68: (927, 930)
168: (931, 936)
43: (937, 955)
97: (956, 961)
99: (962, 1001)
165: (1002, 1021)
14: (0, 12)
87: (13, 62)
153: (63, 76)
233: (77, 95)
125: (96, 110)
39: (111, 121)
209: (122, 133)
224: (134, 135)
252: (136, 217)
183: (218, 246)
58: (247, 268)
121: (269, 298)
123: (299, 316)
151: (317, 458)
58: (459, 497)
127: (498, 506)
175: (507, 525)
55: (526, 531)
17: (532, 551)
71: (552, 558)
80: (559, 564)
142: (565, 633)
91: (642, 662)
2: (663, 667)
29: (668, 673)
241: (674, 688)
32: (689, 696)
255: (697, 703)
5: (704, 720)
230: (721, 732)
144: (733, 753)
74: (754, 764)
231: (765, 766)
127: (767, 818)
48: (819, 828)
111: (829, 922)
69: (923, 926)
68: (927, 930)
168: (931, 936)
43: (937, 955)
97: (956, 961)
99: (962, 1001)
165: (1002, 1021)
14: (0, 12)
87: (13, 62)
153: (63, 76)
233: (77, 95)
125: (96, 110)
39: (111, 121)
209: (122, 133)
224: (134, 135)
252: (136, 217)
183: (218, 246)
58: (247, 268)
121: (269, 298)
123: (299, 316)
151: (317, 458)
58: (459, 497)
127: (498, 506)
175: (507, 525)
55: (526, 531)
17: (532, 551)
71: (552, 558)
80: (559, 564)
142: (565, 633)
91: (634, 654)
2: (655, 659)
29: (660, 665)
241: (666, 680)
32: (681, 688)
255: (689, 695)
5: (696, 712)
230: (713, 724)
144: (725, 745)
74: (746, 756)
231: (757, 758)
127: (759, 810)
48: (811, 820)
111: (821, 914)
69: (915, 918)
68: (919, 922)
168: (923, 928)
43: (929, 947)
97: (948, 953)
99: (954, 993)
165: (994, 1013)
(0, 0)
(0, 0)
(0, 0)
(0, 0)
(0, 0)
(0, 0)
(0, 0)
(0, 0)
(0, 0)
(0, 0)
(0, 0)
(0, 0)
(0, 0)
(0, 0)
(0, 0)
(0, 0)
(0, 0)
(0, 0)
(0, 0)
(0, 0)
(0, 0)
(0, 0)
(0, 0)
(0, 0)
(0, 0)
(0, 0)
(0, 0)
(0, 0)
(0, 0)
(0, 0)
(0, 0)
(0, 0)
(0, 0)
(0, 0)
(0, 0)
(0, 0)
(0, 0)
(0, 0)
(0, 0)
(0, 0)
(0, 0)
(0, 0)
(0, 0)
(0, 0)
(0, 0)
(0, 0)
(0, 0)
(0, 0)
(0, 0)
(0, 0)
(0, 0)
(0, 0)
(0, 0)
(0, 0)
(0, 0)
(0, 0)
(0, 0)
(0, 0)
(0, 0)
(0, 0)
(0, 0)
(0, 0)
(0, 0)
(0, 0)
(0, 0)
(0, 0)
(0, 0)
(0, 0)
(0, 0)
(0, 0)
(0, 0)
(0, 0)
(0, 0)
(0, 0)
(0, 0)
(0, 0)
(0, 0)
(0, 0)
(0, 0)
(0, 0)
(0, 0)
(0, 0)
(0, 0)
(0, 0)
(0, 0)
(0, 0)
(0, 0)
(0, 0)
(0, 0)
(0, 0)
(0, 0)
(0, 0)
(0, 0)
(0, 0)
(0, 0)
(0, 0)
(0, 0)
(0, 0)
(0, 0)
(0, 0)
(0, 0)
(0, 0)
(0, 0)
(0, 0)
(0, 0)
(0, 0)
(0, 0)
(0, 0)
(0, 0)
(0, 0)
(0, 0)
(0, 0)
(0, 0)
(0, 0)
(0, 0)
(0, 0)
(0, 0)
(0, 0)
(0, 0)
(0, 0)
(0, 0)
(0, 0)
(0, 0)
(0, 0)
(0, 0)
(0, 0)
(0, 0)
(0, 0)
(0, 0)
(0, 0)
(0, 0)
(0, 0)
(0, 0)
(0, 0)
(0, 0)
(0, 0)
(0, 0)
(0, 0)
(0, 0)
(0, 0)
(0, 0)
(0, 0)
(0, 0)
(0, 0)
(0, 0)
(0, 0)
(0, 0)
(0, 0)
(0, 0)
(0, 0)
(0, 0)
(0, 0)
(0, 0)
(0, 0)
(0, 0)
(0, 0)
(0, 0)
(0, 0)
(0, 0)
(0, 0)
(0, 0)
(0, 0)
(0, 0)
(0, 0)
(0, 0)
(0, 0)
(0, 0)
(0, 0)
(0, 0)
(0, 0)
(0, 0)
(0, 0)
(0, 0)
(0, 0)
(0, 0)
(0, 0)
(0, 0)
(0, 0)
(0, 0)
(0, 0)
(0, 0)
(0, 0)
(0, 0)
(0, 0)
(0, 0)
(0, 0)
(0, 0)
(0, 0)
(0, 0)
(0, 0)
(0, 0)
(0, 0)
(0, 0)
(0, 0)
(0, 0)
(0, 0)
(0, 0)
(0, 0)
(0, 0)
(0, 0)
(0, 0)
(0, 0)
(0, 0)
(0, 0)
(0, 0)
(0, 0)
(0, 0)
(0, 0)
(0, 0)
(0, 0)
(0, 0)
(0, 0)
(0, 0)
(0, 0)
(0, 0)
(0, 0)
(0, 0)
(0, 0)
(0, 0)
(0, 0)
(0, 0)
(0, 0)
(0, 0)
(0, 0)
(0, 0)
63: (1014, 1015)
187: (1016, 1022)
(0, 0)
(0, 0)
(0, 0)
(0, 0)
(0, 0)
(0, 0)
(0, 0)
(0, 0)
(0, 0)
(0, 0)
(0, 0)
(0, 0)
(0, 0)
(0, 0)
(0, 0)
(0, 0)
(0, 0)
(0, 0)
(0, 0)
(0, 0)
(0, 0)
(0, 0)
(0, 0)
(0, 0)
(0, 0)
(0, 0)
(0, 0)
(0, 0)
(0, 0)
(0, 0)
(0, 0)
(0, 0)
(0, 0)
(0, 0)
(0, 0)
(0, 0)
(0, 0)
(0, 0)
(0, 0)
(0, 0)
(0, 0)
(0, 0)
(0, 0)
(0, 0)
(0, 0)
(0, 0)
(0, 0)
(0, 0)
(0, 0)
(0, 0)
(0, 0)
(0, 0)
(0, 0)
(0, 0)
(0, 0)
(0, 0)
(0, 0)
(0, 0)
(0, 0)
(0, 0)
(0, 0)
(0, 0)
(0, 0)
(0, 0)
(0, 0)
(0, 0)
(0, 0)
(0, 0)
(0, 0)
(0, 0)
(0, 0)
(0, 0)
(0, 0)
(0, 0)
(0, 0)
(0, 0)
(0, 0)
(0, 0)
(0, 0)
(0, 0)
(0, 0)
(0, 0)
(0, 0)
14: (0, 12)
87: (13, 62)
153: (63, 76)
233: (77, 95)
125: (96, 110)
39: (111, 121)
209: (122, 133)
224: (134, 135)
252: (136, 217)
183: (218, 246)
58: (247, 268)
121: (269, 298)
123: (299, 316)
151: (317, 458)
58: (459, 497)
127: (498, 506)
175: (507, 525)
55: (526, 531)
17: (532, 551)
71: (552, 558)
80: (559, 564)
142: (565, 633)
91: (634, 654)
2: (655, 659)
29: (660, 665)
241: (666, 680)
32: (681, 688)
255: (689, 695)
5: (696, 712)
230: (713, 724)
144: (725, 745)
74: (746, 756)
231: (757, 758)
127: (759, 810)
48: (811, 820)
111: (821, 914)
69: (915, 918)
68: (919, 922)
168: (923, 928)
43: (929, 947)
97: (948, 953)
99: (954, 993)
165: (994, 1013)
63: (1014, 1015)
187: (1016, 1022)
(507, 525)
14: (0, 12)
87: (13, 62)
153: (63, 76)
233: (77, 95)
125: (96, 110)
39: (111, 121)
209: (122, 133)
224: (134, 135)
252: (136, 217)
183: (218, 246)
58: (247, 268)
121: (269, 298)
123: (299, 316)
151: (317, 458)
58: (459, 497)
127: (498, 506)
175: (507, 525)
55: (526, 531)
17: (532, 551)
71: (552, 558)
80: (559, 564)
142: (565, 633)
91: (634, 654)
2: (655, 659)
29: (660, 665)
241: (666, 680)
32: (681, 688)
255: (689, 695)
5: (696, 712)
230: (713, 724)
144: (725, 745)
74: (746, 756)
231: (757, 758)
127: (759, 810)
48: (811, 820)
111: (821, 914)
69: (915, 918)
68: (919, 922)
168: (923, 928)
43: (929, 947)
97: (948, 953)
99: (954, 993)
165: (994, 1013)
63: (1014, 1015)
187: (1016, 1022)
(0, 0)
14: (0, 12)
87: (13, 62)
153: (63, 76)
233: (77, 95)
125: (96, 110)
39: (111, 121)
209: (122, 133)
224: (134, 135)
252: (136, 217)
183: (218, 246)
121: (269, 298)
123: (299, 316)
151: (317, 458)
58: (459, 497)
127: (498, 506)
175: (507, 525)
55: (526, 531)
17: (532, 551)
71: (552, 558)
80: (559, 564)
142: (565, 633)
91: (634, 654)
2: (655, 659)
29: (660, 665)
241: (666, 680)
32: (681, 688)
255: (689, 695)
5: (696, 712)
230: (713, 724)
144: (725, 745)
74: (746, 756)
231: (757, 758)
127: (759, 810)
48: (811, 820)
111: (821, 914)
69: (915, 918)
68: (919, 922)
168: (923, 928)
43: (929, 947)
97: (948, 953)
99: (954, 993)
165: (994, 1013)
63: (1014, 1015)
187: (1016, 1022)
14: (0, 12)
87: (13, 62)
153: (63, 76)
233: (77, 95)
125: (96, 110)
39: (111, 121)
209: (122, 133)
224: (134, 135)
252: (136, 217)
183: (218, 246)
121: (247, 276)
123: (277, 294)
151: (295, 436)
58: (437, 475)
127: (476, 484)
175: (485, 503)
55: (504, 509)
17: (510, 529)
71: (530, 536)
80: (537, 542)
142: (543, 611)
91: (612, 632)
2: (633, 637)
29: (638, 643)
241: (644, 658)
32: (659, 666)
255: (667, 673)
5: (674, 690)
230: (691, 702)
144: (703, 723)
74: (724, 734)
231: (735, 736)
127: (737, 788)
48: (789, 798)
111: (799, 892)
69: (893, 896)
68: (897, 900)
168: (901, 906)
43: (907, 925)
97: (926, 931)
99: (932, 971)
165: (972, 991)
63: (992, 993)
187: (994, 1000)
14: (0, 12)
87: (13, 62)
153: (63, 76)
233: (77, 95)
125: (96, 110)
39: (111, 121)
209: (122, 133)
224: (134, 135)
252: (136, 217)
183: (218, 246)
121: (247, 276)
123: (277, 294)
151: (295, 436)
58: (437, 475)
127: (476, 484)
175: (485, 503)
55: (504, 509)
17: (510, 529)
71: (530, 536)
80: (537, 542)
142: (543, 611)
91: (612, 632)
2: (633, 637)
29: (638, 643)
241: (644, 658)
32: (659, 666)
255: (667, 673)
5: (674, 690)
230: (691, 702)
144: (703, 723)
74: (724, 734)
231: (735, 736)
127: (737, 788)
48: (789, 798)
111: (799, 892)
69: (893, 896)
68: (897, 900)
168: (901, 906)
43: (907, 925)
97: (926, 931)
99: (932, 971)
165: (972, 991)
63: (992, 993)
(0, 0)
(0, 0)
3: (994, 1016)
(0, 0)
(0, 0)
(0, 0)
(0, 0)
(0, 0)
(0, 0)
(0, 0)
(0, 0)
(0, 0)
(0, 0)
(0, 0)
(0, 0)
(0, 0)
(0, 0)
(0, 0)
(0, 0)
(0, 0)
(0, 0)
(0, 0)
(0, 0)
(0, 0)
(0, 0)
(0, 0)
(0, 0)
(0, 0)
(0, 0)
(0, 0)
(0, 0)
(0, 0)
(0, 0)
(0, 0)
(0, 0)
(0, 0)
(0, 0)
(0, 0)
(0, 0)
(0, 0)
(0, 0)
(0, 0)
(0, 0)
(0, 0)
(0, 0)
(0, 0)
(0, 0)
(0, 0)
(0, 0)
(0, 0)
(0, 0)
(0, 0)
(0, 0)
(0, 0)
(0, 0)
(0, 0)
(0, 0)
(0, 0)
(0, 0)
(0, 0)
(0, 0)
(0, 0)
(0, 0)
(0, 0)
(0, 0)
(0, 0)
(0, 0)
(0, 0)
(0, 0)
(0, 0)
(0, 0)
(0, 0)
(0, 0)
(0, 0)
(0, 0)
(0, 0)
(0, 0)
(0, 0)
(0, 0)
(0, 0)
(0, 0)
(0, 0)
(0, 0)
(0, 0)
101: (1017, 1018)
(0, 0)
(0, 0)
(0, 0)
(0, 0)
(0, 0)
(0, 0)
(0, 0)
(0, 0)
(0, 0)
(0, 0)
(0, 0)
(0, 0)
(0, 0)
(0, 0)
(0, 0)
(0, 0)
(0, 0)
(0, 0)
(0, 0)
(0, 0)
(0, 0)
(0, 0)
(0, 0)
(0, 0)
(0, 0)
(0, 0)
(0, 0)
(0, 0)
(0, 0)
(0, 0)
(0, 0)
(0, 0)
(0, 0)
(0, 0)
(0, 0)
(0, 0)
(0, 0)
(0, 0)
(0, 0)
(0, 0)
(0, 0)
(0, 0)
(0, 0)
(0, 0)
(0, 0)
(0, 0)
(0, 0)
(0, 0)
(0, 0)
(0, 0)
(0, 0)
(0, 0)
13: (1019, 1023)
(0, 0)
(0, 0)
(0, 0)
(0, 0)
(0, 0)
(0, 0)
(0, 0)
(0, 0)
(0, 0)
(0, 0)
(0, 0)
(0, 0)
(0, 0)
(0, 0)
(0, 0)
(0, 0)
(0, 0)
(0, 0)
14: (0, 12)
87: (13, 62)
153: (63, 76)
233: (77, 95)
125: (96, 110)
39: (111, 121)
209: (122, 133)
224: (134, 135)
252: (136, 217)
183: (218, 246)
121: (247, 276)
123: (277, 294)
151: (295, 436)
58: (437, 475)
127: (476, 484)
55: (504, 509)
17: (510, 529)
71: (530, 536)
80: (537, 542)
142: (543, 611)
91: (612, 632)
2: (633, 637)
29: (638, 643)
241: (644, 658)
32: (659, 666)
255: (667, 673)
5: (674, 690)
230: (691, 702)
144: (703, 723)
74: (724, 734)
231: (735, 736)
127: (737, 788)
48: (789, 798)
111: (799, 892)
69: (893, 896)
68: (897, 900)
168: (901, 906)
43: (907, 925)
97: (926, 931)
99: (932, 971)
165: (972, 991)
63: (992, 993)
3: (994, 1016)
101: (1017, 1018)
13: (1019, 1023)
14: (0, 12)
87: (13, 62)
153: (63, 76)
233: (77, 95)
125: (96, 110)
39: (111, 121)
209: (122, 133)
224: (134, 135)
252: (136, 217)
183: (218, 246)
121: (247, 276)
123: (277, 294)
151: (295, 436)
58: (437, 475)
127: (476, 484)
55: (504, 509)
17: (510, 529)
71: (530, 536)
80: (537, 542)
142: (543, 611)
91: (612, 632)
2: (633, 637)
29: (638, 643)
241: (644, 658)
32: (659, 666)
255: (667, 673)
5: (674, 690)
230: (691, 702)
144: (703, 723)
74: (724, 734)
231: (735, 736)
127: (737, 788)
48: (789, 798)
111: (799, 892)
69: (893, 896)
68: (897, 900)
168: (901, 906)
43: (907, 925)
97: (926, 931)
99: (932, 971)
165: (972, 991)
63: (992, 993)
3: (994, 1016)
101: (1017, 1018)
13: (1019, 1023)
(0, 0)
(0, 0)
(0, 0)
(0, 0)
(0, 0)
(0, 0)
(0, 0)
(0, 0)
(0, 0)
(0, 0)
(0, 0)
(0, 0)
(0, 0)
(0, 0)
(0, 0)
(0, 0)
(0, 0)
(0, 0)
(0, 0)
(0, 0)
(0, 0)
(0, 0)
(0, 0)
(0, 0)
(0, 0)
(0, 0)
(0, 0)
(0, 0)
(0, 0)
(0, 0)
(0, 0)
(0, 0)
(0, 0)
(0, 0)
(0, 0)
(0, 0)
6: (485, 502)
(0, 0)
(0, 0)
(0, 0)
(0, 0)
(0, 0)
(0, 0)
(0, 0)
(0, 0)
(0, 0)
(0, 0)
(0, 0)
(0, 0)
(0, 0)
(0, 0)
(0, 0)
(0, 0)
(0, 0)
(0, 0)
(0, 0)
(0, 0)
(0, 0)
(0, 0)
(0, 0)
(0, 0)
(0, 0)
(0, 0)
(0, 0)
(0, 0)
(0, 0)
(0, 0)
(0, 0)
(0, 0)
(0, 0)
(0, 0)
(0, 0)
(0, 0)
(0, 0)
(0, 0)
(0, 0)
(0, 0)
(0, 0)
(0, 0)
(0, 0)
(0, 0)
(0, 0)
(0, 0)
(0, 0)
(0, 0)
(0, 0)
(0, 0)
(0, 0)
(0, 0)
(0, 0)
(0, 0)
(0, 0)
(0, 0)
(0, 0)
(0, 0)
(0, 0)
(0, 0)
(0, 0)
(0, 0)
(0, 0)
(0, 0)
(0, 0)
(0, 0)
(0, 0)
(0, 0)
(0, 0)
(0, 0)
(0, 0)
(0, 0)
(0, 0)
(0, 0)
(0, 0)
(0, 0)
(0, 0)
(0, 0)
(0, 0)
(0, 0)
(0, 0)
(0, 0)
(0, 0)
(0, 0)
(0, 0)
14: (0, 12)
87: (13, 62)
153: (63, 76)
233: (77, 95)
125: (96, 110)
39: (111, 121)
209: (122, 133)
224: (134, 135)
252: (136, 217)
183: (218, 246)
121: (247, 276)
123: (277, 294)
151: (295, 436)
58: (437, 475)
127: (476, 484)
6: (485, 502)
55: (503, 508)
17: (509, 528)
71: (529, 535)
80: (536, 541)
142: (542, 610)
91: (611, 631)
2: (632, 636)
29: (637, 642)
241: (643, 657)
32: (658, 665)
255: (666, 672)
5: (673, 689)
230: (690, 701)
144: (702, 722)
74: (723, 733)
231: (734, 735)
127: (736, 787)
48: (788, 797)
111: (798, 891)
69: (892, 895)
68: (896, 899)
168: (900, 905)
43: (906, 924)
97: (925, 930)
99: (931, 970)
165: (971, 990)
63: (991, 992)
3: (993, 1015)
101: (1016, 1017)
13: (1018, 1022)
(0, 0)
(0, 0)
(0, 0)
(0, 0)
(0, 0)
(0, 0)
(0, 0)
(0, 0)
(0, 0)
(0, 0)
(0, 0)
(0, 0)
(0, 0)
(0, 0)
(0, 0)
(0, 0)
(0, 0)
(0, 0)
(0, 0)
(0, 0)
(0, 0)
(0, 0)
(0, 0)
(0, 0)
(0, 0)
(0, 0)
(0, 0)
(0, 0)
(0, 0)
(0, 0)
(0, 0)
(0, 0)
(0, 0)
(0, 0)
(0, 0)
(0, 0)
(0, 0)
(0, 0)
(0, 0)
(0, 0)
(0, 0)
(0, 0)
(0, 0)
(0, 0)
(0, 0)
(0, 0)
(0, 0)
(0, 0)
(0, 0)
(0, 0)
(0, 0)
(0, 0)
(0, 0)
(0, 0)
(0, 0)
(0, 0)
(0, 0)
(0, 0)
(0, 0)
(0, 0)
(0, 0)
(0, 0)
(0, 0)
(0, 0)
(0, 0)
(0, 0)
(0, 0)
(0, 0)
(0, 0)
(0, 0)
(0, 0)
(0, 0)
(0, 0)
(0, 0)
(0, 0)
(0, 0)
(0, 0)
(0, 0)
(0, 0)
(0, 0)
(0, 0)
(0, 0)
(0, 0)
(0, 0)
(0, 0)
(0, 0)
(0, 0)
(0, 0)
(0, 0)
(0, 0)
(0, 0)
(0, 0)
(0, 0)
(0, 0)
(0, 0)
(0, 0)
(0, 0)
(0, 0)
(0, 0)
(0, 0)
(0, 0)
(0, 0)
(0, 0)
(0, 0)
(0, 0)
(0, 0)
(0, 0)
(0, 0)
(0, 0)
(0, 0)
(0, 0)
(0, 0)
(0, 0)
(0, 0)
(0, 0)
(0, 0)
(0, 0)
(0, 0)
(0, 0)
(0, 0)
(0, 0)
(0, 0)
(0, 0)
(0, 0)
(0, 0)
(0, 0)
(0, 0)
(0, 0)
(0, 0)
(0, 0)
(0, 0)
(0, 0)
(0, 0)
(0, 0)
(0, 0)
(0, 0)
(0, 0)
(0, 0)
(0, 0)
(0, 0)
(0, 0)
(0, 0)
(0, 0)
(0, 0)
(0, 0)
(0, 0)
(0, 0)
(0, 0)
(0, 0)
(0, 0)
(0, 0)
(0, 0)
(0, 0)
(485, 502)
14: (0, 12)
87: (13, 62)
153: (63, 76)
233: (77, 95)
125: (96, 110)
39: (111, 121)
209: (122, 133)
224: (134, 135)
252: (136, 217)
183: (218, 246)
121: (247, 276)
123: (277, 294)
151: (295, 436)
58: (437, 475)
127: (476, 484)
6: (485, 502)
55: (503, 508)
17: (509, 528)
71: (529, 535)
80: (536, 541)
142: (542, 610)
91: (611, 631)
2: (632, 636)
29: (637, 642)
241: (643, 657)
32: (658, 665)
255: (666, 672)
5: (673, 689)
230: (690, 701)
144: (702, 722)
74: (723, 733)
231: (734, 735)
127: (736, 787)
48: (788, 797)
111: (798, 891)
69: (892, 895)
68: (896, 899)
168: (900, 905)
43: (906, 924)
97: (925, 930)
99: (931, 970)
165: (971, 990)
63: (991, 992)
3: (993, 1015)
101: (1016, 1017)
13: (1018, 1022)
(0, 0)
(0, 0)
(0, 0)
(0, 0)
(0, 0)
(0, 0)
(0, 0)
(0, 0)
(0, 0)
(0, 0)
(0, 0)
(0, 0)
(0, 0)
(0, 0)
(0, 0)
(0, 0)
(0, 0)
(0, 0)
(0, 0)
(0, 0)
(0, 0)
(0, 0)
(0, 0)
(0, 0)
(0, 0)
(0, 0)
(0, 0)
(0, 0)
(0, 0)
(0, 0)
(0, 0)
(0, 0)
(0, 0)
(0, 0)
(0, 0)
(0, 0)
(0, 0)
(0, 0)
(0, 0)
(0, 0)
(0, 0)
(0, 0)
(0, 0)
(0, 0)
(0, 0)
(0, 0)
(0, 0)
(0, 0)
(0, 0)
(0, 0)
(0, 0)
(0, 0)
(0, 0)
(0, 0)
(0, 0)
(0, 0)
(0, 0)
(0, 0)
(0, 0)
(0, 0)
(0, 0)
(0, 0)
(0, 0)
(0, 0)
(0, 0)
(0, 0)
(0, 0)
(0, 0)
(0, 0)
(0, 0)
(0, 0)
(0, 0)
(0, 0)
(0, 0)
(0, 0)
(0, 0)
(0, 0)
(0, 0)
(0, 0)
(0, 0)
(0, 0)
(0, 0)
(0, 0)
(0, 0)
(0, 0)
(0, 0)
(0, 0)
(0, 0)
(0, 0)
(0, 0)
(0, 0)
(0, 0)
(0, 0)
(0, 0)
(0, 0)
(0, 0)
(0, 0)
(0, 0)
(0, 0)
(0, 0)
(0, 0)
(0, 0)
(0, 0)
(0, 0)
(0, 0)
(0, 0)
(0, 0)
(0, 0)
(0, 0)
(0, 0)
(0, 0)
(0, 0)
(0, 0)
(0, 0)
(0, 0)
(0, 0)
(0, 0)
(0, 0)
(0, 0)
(0, 0)
(0, 0)
(0, 0)
(0, 0)
(0, 0)
(0, 0)
(0, 0)
(0, 0)
(0, 0)
(0, 0)
14: (0, 12)
87: (13, 62)
153: (63, 76)
233: (77, 95)
125: (96, 110)
39: (111, 121)
209: (122, 133)
224: (134, 135)
252: (136, 217)
183: (218, 246)
121: (247, 276)
123: (277, 294)
151: (295, 436)
58: (437, 475)
127: (476, 484)
6: (485, 502)
55: (503, 508)
17: (509, 528)
71: (529, 535)
80: (536, 541)
142: (542, 610)
91: (611, 631)
2: (632, 636)
29: (637, 642)
241: (643, 657)
32: (658, 665)
255: (666, 672)
5: (673, 689)
230: (690, 701)
144: (702, 722)
74: (723, 733)
231: (734, 735)
127: (736, 787)
48: (788, 797)
111: (798, 891)
69: (892, 895)
68: (896, 899)
168: (900, 905)
43: (906, 924)
97: (925, 930)
99: (931, 970)
165: (971, 990)
63: (991, 992)
3: (993, 1015)
101: (1016, 1017)
13: (1018, 1022)
(0, 0)
(0, 0)
(0, 0)
(0, 0)
(0, 0)
(0, 0)
(0, 0)
(0, 0)
(0, 0)
(0, 0)
(0, 0)
(0, 0)
(0, 0)
(0, 0)
(0, 0)
(0, 0)
(0, 0)
(0, 0)
(0, 0)
(0, 0)
(0, 0)
(0, 0)
(0, 0)
(0, 0)
(0, 0)
(0, 0)
(0, 0)
(0, 0)
(0, 0)
(0, 0)
(0, 0)
(0, 0)
(0, 0)
(0, 0)
(0, 0)
(0, 0)
(0, 0)
(0, 0)
(0, 0)
(0, 0)
(0, 0)
(0, 0)
(0, 0)
(0, 0)
(0, 0)
(0, 0)
(0, 0)
(0, 0)
(0, 0)
(0, 0)
(0, 0)
(0, 0)
(0, 0)
(0, 0)
(0, 0)
(0, 0)
(0, 0)
(0, 0)
(0, 0)
(0, 0)
(0, 0)
(0, 0)
(0, 0)
(0, 0)
(0, 0)
(0, 0)
(0, 0)
(0, 0)
(0, 0)
(0, 0)
(0, 0)
(0, 0)
(0, 0)
(0, 0)
(0, 0)
(0, 0)
(0, 0)
(0, 0)
(0, 0)
(0, 0)
(0, 0)
(0, 0)
(0, 0)
(0, 0)
(0, 0)
(0, 0)
(0, 0)
(0, 0)
(0, 0)
(0, 0)
(0, 0)
(0, 0)
(0, 0)
(0, 0)
(0, 0)
(0, 0)
(0, 0)
(0, 0)
(0, 0)
(0, 0)
(0, 0)
(0, 0)
(0, 0)
(0, 0)
(0, 0)
(0, 0)
(0, 0)
(0, 0)
(0, 0)
(0, 0)
(0, 0)
(0, 0)
(0, 0)
(0, 0)
(0, 0)
(0, 0)
(0, 0)
(0, 0)
(0, 0)
(0, 0)
(0, 0)
(0, 0)
(0, 0)
(0, 0)
(0, 0)
(0, 0)
(0, 0)
(0, 0)
(0, 0)
(0, 0)
(0, 0)
(0, 0)
(0, 0)
(0, 0)
(0, 0)
(0, 0)
(0, 0)
(0, 0)
(0, 0)
(0, 0)
(0, 0)
(0, 0)
(0, 0)
(0, 0)
(0, 0)
(0, 0)
(0, 0)
(0, 0)
(0, 0)
(0, 0)
(0, 0)
(0, 0)
(0, 0)
(0, 0)
(0, 0)
(0, 0)
(0, 0)
(0, 0)
(0, 0)
(0, 0)
(0, 0)
(0, 0)
(0, 0)
(0, 0)
(0, 0)
(0, 0)
(0, 0)
(0, 0)
(0, 0)
(0, 0)
(0, 0)
(0, 0)
(0, 0)
(0, 0)
(0, 0)
(0, 0)
(0, 0)
(0, 0)
(0, 0)
(0, 0)
(0, 0)
(0, 0)
(0, 0)
(0, 0)
(0, 0)
(0, 0)
(0, 0)
(0, 0)
(0, 0)
(0, 0)
(0, 0)
(0, 0)
14: (0, 12)
87: (13, 62)
153: (63, 76)
233: (77, 95)
125: (96, 110)
39: (111, 121)
209: (122, 133)
224: (134, 135)
252: (136, 217)
183: (218, 246)
121: (247, 276)
123: (277, 294)
151: (295, 436)
58: (437, 475)
127: (476, 484)
6: (485, 502)
55: (503, 508)
17: (509, 528)
71: (529, 535)
80: (536, 541)
142: (542, 610)
91: (611, 631)
2: (632, 636)
29: (637, 642)
241: (643, 657)
32: (658, 665)
255: (666, 672)
5: (673, 689)
230: (690, 701)
144: (702, 722)
74: (723, 733)
231: (734, 735)
127: (736, 787)
48: (788, 797)
111: (798, 891)
69: (892, 895)
68: (896, 899)
168: (900, 905)
43: (906, 924)
97: (925, 930)
99: (931, 970)
165: (971, 990)
63: (991, 992)
3: (993, 1015)
101: (1016, 1017)
13: (1018, 1022)
14: (0, 12)
87: (13, 62)
153: (63, 76)
233: (77, 95)
125: (96, 110)
39: (111, 121)
209: (122, 133)
224: (134, 135)
252: (136, 217)
183: (218, 246)
121: (247, 276)
123: (277, 294)
151: (295, 436)
58: (437, 475)
127: (476, 484)
6: (485, 502)
55: (503, 508)
17: (509, 528)
71: (529, 535)
80: (536, 541)
142: (542, 610)
91: (611, 631)
2: (632, 636)
29: (637, 642)
241: (643, 657)
32: (658, 665)
255: (666, 672)
5: (673, 689)
230: (690, 701)
144: (702, 722)
74: (723, 733)
231: (734, 735)
127: (736, 787)
48: (788, 797)
111: (798, 891)
69: (892, 895)
68: (896, 899)
168: (900, 905)
43: (906, 924)
97: (925, 930)
99: (931, 970)
165: (971, 990)
63: (991, 992)
3: (993, 1015)
101: (1016, 1017)
13: (1018, 1022)
14: (0, 12)
87: (13, 62)
153: (63, 76)
233: (77, 95)
125: (96, 110)
39: (111, 121)
209: (122, 133)
224: (134, 135)
252: (136, 217)
183: (218, 246)
121: (247, 276)
123: (277, 294)
151: (295, 436)
58: (437, 475)
127: (476, 484)
6: (485, 502)
55: (503, 508)
17: (509, 528)
71: (529, 535)
80: (536, 541)
142: (542, 610)
91: (611, 631)
2: (632, 636)
29: (637, 642)
241: (643, 657)
32: (658, 665)
255: (666, 672)
5: (673, 689)
230: (690, 701)
144: (702, 722)
74: (723, 733)
231: (734, 735)
127: (736, 787)
48: (788, 797)
111: (798, 891)
69: (892, 895)
68: (896, 899)
168: (900, 905)
43: (906, 924)
97: (925, 930)
99: (931, 970)
165: (971, 990)
63: (991, 992)
3: (993, 1015)
101: (1016, 1017)
13: (1018, 1022)
(0, 0)
(0, 0)
(0, 0)
(0, 0)
(0, 0)
(0, 0)
(0, 0)
(0, 0)
(0, 0)
(0, 0)
(0, 0)
(0, 0)
(0, 0)
(0, 0)
(0, 0)
(0, 0)
(0, 0)
(0, 0)
(0, 0)
(0, 0)
(0, 0)
(0, 0)
(0, 0)
(0, 0)
(0, 0)
(0, 0)
(0, 0)
(0, 0)
(0, 0)
(0, 0)
(0, 0)
(0, 0)
(0, 0)
(0, 0)
(0, 0)
(0, 0)
(0, 0)
(0, 0)
(0, 0)
(0, 0)
(0, 0)
(0, 0)
(0, 0)
(0, 0)
(0, 0)
(0, 0)
(0, 0)
(0, 0)
(0, 0)
(0, 0)
(0, 0)
(0, 0)
(0, 0)
(0, 0)
(0, 0)
(0, 0)
(0, 0)
(0, 0)
(0, 0)
(0, 0)
(0, 0)
(0, 0)
(0, 0)
(0, 0)
(0, 0)
(0, 0)
(0, 0)
(0, 0)
(0, 0)
(0, 0)
(0, 0)
(0, 0)
(0, 0)
(0, 0)
(0, 0)
(0, 0)
(0, 0)
(0, 0)
(0, 0)
(0, 0)
(0, 0)
(0, 0)
(0, 0)
14: (0, 12)
87: (13, 62)
153: (63, 76)
233: (77, 95)
125: (96, 110)
39: (111, 121)
209: (122, 133)
224: (134, 135)
252: (136, 217)
183: (218, 246)
121: (247, 276)
123: (277, 294)
151: (295, 436)
58: (437, 475)
127: (476, 484)
6: (485, 502)
55: (503, 508)
17: (509, 528)
71: (529, 535)
80: (536, 541)
142: (542, 610)
91: (611, 631)
2: (632, 636)
29: (637, 642)
241: (643, 657)
32: (658, 665)
255: (666, 672)
5: (673, 689)
230: (690, 701)
144: (702, 722)
74: (723, 733)
231: (734, 735)
127: (736, 787)
48: (788, 797)
111: (798, 891)
69: (892, 895)
68: (896, 899)
168: (900, 905)
43: (906, 924)
97: (925, 930)
99: (931, 970)
165: (971, 990)
63: (991, 992)
3: (993, 1015)
101: (1016, 1017)
13: (1018, 1022)
14: (0, 12)
87: (13, 62)
153: (63, 76)
233: (77, 95)
125: (96, 110)
39: (111, 121)
209: (122, 133)
224: (134, 135)
252: (136, 217)
183: (218, 246)
121: (247, 276)
123: (277, 294)
151: (295, 436)
58: (437, 475)
127: (476, 484)
6: (485, 502)
55: (503, 508)
17: (509, 528)
71: (529, 535)
80: (536, 541)
142: (542, 610)
91: (611, 631)
29: (637, 642)
241: (643, 657)
32: (658, 665)
255: (666, 672)
5: (673, 689)
230: (690, 701)
144: (702, 722)
74: (723, 733)
231: (734, 735)
127: (736, 787)
48: (788, 797)
111: (798, 891)
69: (892, 895)
68: (896, 899)
168: (900, 905)
43: (906, 924)
97: (925, 930)
99: (931, 970)
165: (971, 990)
63: (991, 992)
3: (993, 1015)
101: (1016, 1017)
13: (1018, 1022)
(0, 0)
(0, 0)
(0, 0)
(0, 0)
(0, 0)
(0, 0)
(0, 0)
(0, 0)
(0, 0)
(0, 0)
(0, 0)
(0, 0)
(0, 0)
(0, 0)
(0, 0)
(0, 0)
(0, 0)
(0, 0)
(0, 0)
(0, 0)
(0, 0)
(0, 0)
(0, 0)
(0, 0)
(0, 0)
(0, 0)
(0, 0)
(0, 0)
(0, 0)
(0, 0)
(0, 0)
(0, 0)
(0, 0)
(0, 0)
(0, 0)
(0, 0)
(0, 0)
(0, 0)
(0, 0)
(0, 0)
(0, 0)
(0, 0)
(0, 0)
(0, 0)
(0, 0)
(0, 0)
(0, 0)
(0, 0)
(0, 0)
(0, 0)
(0, 0)
(0, 0)
(0, 0)
(0, 0)
(0, 0)
(0, 0)
(0, 0)
(0, 0)
(0, 0)
(0, 0)
(0, 0)
(0, 0)
(0, 0)
(0, 0)
(0, 0)
(0, 0)
(0, 0)
(0, 0)
(0, 0)
(0, 0)
(0, 0)
(0, 0)
(0, 0)
(0, 0)
(0, 0)
(0, 0)
(0, 0)
(0, 0)
(0, 0)
(0, 0)
(0, 0)
(0, 0)
(0, 0)
(0, 0)
(0, 0)
(0, 0)
(0, 0)
(0, 0)
(0, 0)
(0, 0)
(0, 0)
(0, 0)
(0, 0)
(0, 0)
73: (632, 633)
(0, 0)
(0, 0)
(0, 0)
(0, 0)
(0, 0)
(0, 0)
(0, 0)
14: (0, 12)
87: (13, 62)
153: (63, 76)
233: (77, 95)
125: (96, 110)
39: (111, 121)
209: (122, 133)
224: (134, 135)
252: (136, 217)
183: (218, 246)
121: (247, 276)
123: (277, 294)
151: (295, 436)
58: (437, 475)
127: (476, 484)
6: (485, 502)
55: (503, 508)
17: (509, 528)
71: (529, 535)
80: (536, 541)
142: (542, 610)
91: (611, 631)
73: (632, 633)
29: (637, 642)
241: (643, 657)
32: (658, 665)
255: (666, 672)
5: (673, 689)
230: (690, 701)
144: (702, 722)
74: (723, 733)
231: (734, 735)
127: (736, 787)
48: (788, 797)
111: (798, 891)
69: (892, 895)
68: (896, 899)
168: (900, 905)
43: (906, 924)
97: (925, 930)
99: (931, 970)
165: (971, 990)
63: (991, 992)
3: (993, 1015)
13: (1018, 1022)
(0, 0)
(0, 0)
(0, 0)
(0, 0)
(0, 0)
(0, 0)
(0, 0)
(0, 0)
(0, 0)
(0, 0)
(0, 0)
(0, 0)
(0, 0)
(0, 0)
(0, 0)
(0, 0)
(0, 0)
(0, 0)
(0, 0)
(0, 0)
(0, 0)
(0, 0)
(0, 0)
(0, 0)
(0, 0)
(0, 0)
(0, 0)
(0, 0)
(0, 0)
(0, 0)
(0, 0)
(0, 0)
(0, 0)
(0, 0)
(0, 0)
(0, 0)
(0, 0)
(0, 0)
(0, 0)
(0, 0)
(0, 0)
(0, 0)
(0, 0)
(0, 0)
(0, 0)
(0, 0)
(0, 0)
(0, 0)
(0, 0)
(0, 0)
(0, 0)
(0, 0)
(0, 0)
(0, 0)
(0, 0)
(0, 0)
(0, 0)
(0, 0)
(0, 0)
(0, 0)
(0, 0)
(0, 0)
(0, 0)
(0, 0)
(0, 0)
(0, 0)
(0, 0)
(0, 0)
(0, 0)
(0, 0)
(0, 0)
(0, 0)
(0, 0)
(0, 0)
(0, 0)
(0, 0)
(0, 0)
(0, 0)
14: (0, 12)
87: (13, 62)
153: (63, 76)
233: (77, 95)
125: (96, 110)
39: (111, 121)
209: (122, 133)
224: (134, 135)
252: (136, 217)
183: (218, 246)
121: (247, 276)
123: (277, 294)
151: (295, 436)
58: (437, 475)
127: (476, 484)
6: (485, 502)
55: (503, 508)
17: (509, 528)
71: (529, 535)
80: (536, 541)
91: (611, 631)
73: (632, 633)
29: (637, 642)
241: (643, 657)
32: (658, 665)
255: (666, 672)
5: (673, 689)
230: (690, 701)
144: (702, 722)
74: (723, 733)
231: (734, 735)
127: (736, 787)
48: (788, 797)
111: (798, 891)
69: (892, 895)
68: (896, 899)
168: (900, 905)
43: (906, 924)
97: (925, 930)
99: (931, 970)
165: (971, 990)
63: (991, 992)
3: (993, 1015)
13: (1018, 1022)
(0, 0)
(0, 12)
87: (13, 62)
153: (63, 76)
233: (77, 95)
125: (96, 110)
39: (111, 121)
209: (122, 133)
224: (134, 135)
252: (136, 217)
183: (218, 246)
121: (247, 276)
123: (277, 294)
151: (295, 436)
58: (437, 475)
127: (476, 484)
6: (485, 502)
55: (503, 508)
17: (509, 528)
71: (529, 535)
80: (536, 541)
91: (611, 631)
73: (632, 633)
29: (637, 642)
241: (643, 657)
32: (658, 665)
255: (666, 672)
5: (673, 689)
230: (690, 701)
144: (702, 722)
74: (723, 733)
231: (734, 735)
127: (736, 787)
48: (788, 797)
111: (798, 891)
69: (892, 895)
68: (896, 899)
168: (900, 905)
43: (906, 924)
97: (925, 930)
99: (931, 970)
165: (971, 990)
63: (991, 992)
3: (993, 1015)
13: (1018, 1022)
87: (13, 62)
153: (63, 76)
233: (77, 95)
125: (96, 110)
39: (111, 121)
209: (122, 133)
224: (134, 135)
252: (136, 217)
183: (218, 246)
121: (247, 276)
123: (277, 294)
151: (295, 436)
58: (437, 475)
127: (476, 484)
6: (485, 502)
55: (503, 508)
17: (509, 528)
71: (529, 535)
80: (536, 541)
91: (611, 631)
73: (632, 633)
29: (637, 642)
241: (643, 657)
255: (666, 672)
5: (673, 689)
230: (690, 701)
144: (702, 722)
74: (723, 733)
231: (734, 735)
127: (736, 787)
48: (788, 797)
111: (798, 891)
69: (892, 895)
68: (896, 899)
168: (900, 905)
43: (906, 924)
97: (925, 930)
99: (931, 970)
165: (971, 990)
63: (991, 992)
3: (993, 1015)
13: (1018, 1022)
(0, 0)
(0, 0)
(0, 0)
(0, 0)
(0, 0)
(0, 0)
(0, 0)
(0, 0)
(0, 0)
(0, 0)
(0, 0)
(0, 0)
(0, 0)
(0, 0)
(0, 0)
210: (542, 594)
(0, 0)
(0, 0)
(0, 0)
(0, 0)
(0, 0)
(0, 0)
(0, 0)
(0, 0)
(0, 0)
(0, 0)
(0, 0)
(0, 0)
(0, 0)
(0, 0)
(0, 0)
(0, 0)
(0, 0)
(0, 0)
(0, 0)
(0, 0)
(0, 0)
(0, 0)
(0, 0)
(0, 0)
(0, 0)
(0, 0)
(0, 0)
(0, 0)
(0, 0)
(0, 0)
(0, 0)
(0, 0)
(0, 0)
(0, 0)
(0, 0)
(0, 0)
(0, 0)
(0, 0)
(0, 0)
(0, 0)
(0, 0)
135: (0, 5)
(0, 0)
(0, 0)
(0, 0)
(0, 0)
(0, 0)
(0, 0)
(0, 0)
(0, 0)
(0, 0)
(0, 0)
(0, 0)
(0, 0)
(0, 0)
(0, 0)
(0, 0)
(0, 0)
(0, 0)
(0, 0)
(0, 0)
(0, 0)
(0, 0)
(0, 0)
45: (595, 605)
(0, 0)
(0, 0)
(0, 0)
(0, 0)
(0, 0)
(0, 0)
(0, 0)
(0, 0)
(0, 0)
(0, 0)
(0, 0)
(0, 0)
(0, 0)
(0, 0)
(0, 0)
(0, 0)
(0, 0)
(0, 0)
(0, 0)
(0, 0)
(0, 0)
(0, 0)
(0, 0)
(0, 0)
(0, 0)
(0, 0)
(0, 0)
(0, 0)
(0, 0)
(0, 0)
(0, 0)
(0, 0)
(0, 0)
(0, 0)
(0, 0)
(0, 0)
(0, 0)
(0, 0)
(0, 0)
(0, 0)
(0, 0)
(0, 0)
(0, 0)
(0, 0)
(0, 0)
(0, 0)
(0, 0)
(0, 0)
(0, 0)
(0, 0)
(0, 0)
(0, 0)
(0, 0)
(0, 0)
(0, 0)
(0, 0)
34: (6, 12)
(0, 0)
(0, 0)
(0, 0)
(0, 0)
(0, 0)
(0, 0)
(0, 0)
(0, 0)
(0, 0)
(0, 0)
(0, 0)
(0, 0)
(0, 0)
(0, 0)
(0, 0)
(0, 0)
(0, 0)
(0, 0)
(0, 0)
(0, 0)
(0, 0)
(0, 0)
(0, 0)
(0, 0)
(0, 0)
(0, 0)
(0, 0)
(0, 0)
(0, 0)
(0, 0)
(0, 0)
(0, 0)
(0, 0)
(0, 0)
(0, 0)
(0, 0)
(0, 0)
(0, 0)
(0, 0)
(0, 0)
(0, 0)
(0, 0)
(0, 0)
(0, 0)
(0, 0)
(0, 0)
(0, 0)
(0, 0)
(0, 0)
(0, 0)
(0, 0)
(0, 0)
(0, 0)
(0, 0)
(0, 0)
(0, 0)
(0, 0)
(0, 0)
(0, 0)
(0, 0)
(0, 0)
(0, 0)
(0, 0)
(0, 0)
135: (0, 5)
34: (6, 12)
87: (13, 62)
153: (63, 76)
233: (77, 95)
125: (96, 110)
39: (111, 121)
209: (122, 133)
224: (134, 135)
252: (136, 217)
183: (218, 246)
121: (247, 276)
123: (277, 294)
151: (295, 436)
58: (437, 475)
127: (476, 484)
55: (503, 508)
17: (509, 528)
71: (529, 535)
80: (536, 541)
210: (542, 594)
45: (595, 605)
91: (611, 631)
73: (632, 633)
29: (637, 642)
241: (643, 657)
255: (666, 672)
5: (673, 689)
230: (690, 701)
144: (702, 722)
74: (723, 733)
231: (734, 735)
127: (736, 787)
48: (788, 797)
111: (798, 891)
69: (892, 895)
68: (896, 899)
168: (900, 905)
43: (906, 924)
97: (925, 930)
99: (931, 970)
165: (971, 990)
63: (991, 992)
3: (993, 1015)
13: (1018, 1022)
135: (0, 5)
34: (6, 12)
87: (13, 62)
153: (63, 76)
233: (77, 95)
125: (96, 110)
39: (111, 121)
209: (122, 133)
224: (134, 135)
252: (136, 217)
183: (218, 246)
121: (247, 276)
123: (277, 294)
151: (295, 436)
58: (437, 475)
127: (476, 484)
55: (485, 490)
17: (491, 510)
71: (511, 517)
80: (518, 523)
210: (524, 576)
45: (577, 587)
91: (588, 608)
73: (609, 610)
29: (611, 616)
241: (617, 631)
255: (632, 638)
5: (639, 655)
230: (656, 667)
144: (668, 688)
74: (689, 699)
231: (700, 701)
127: (702, 753)
48: (754, 763)
111: (764, 857)
69: (858, 861)
68: (862, 865)
168: (866, 871)
43: (872, 890)
97: (891, 896)
99: (897, 936)
165: (937, 956)
63: (957, 958)
3: (959, 981)
13: (982, 986)
(0, 0)
135: (0, 5)
34: (6, 12)
87: (13, 62)
153: (63, 76)
233: (77, 95)
125: (96, 110)
39: (111, 121)
209: (122, 133)
224: (134, 135)
252: (136, 217)
183: (218, 246)
121: (247, 276)
123: (277, 294)
151: (295, 436)
58: (437, 475)
127: (476, 484)
55: (485, 490)
17: (491, 510)
71: (511, 517)
80: (518, 523)
210: (524, 576)
45: (577, 587)
91: (588, 608)
73: (609, 610)
29: (611, 616)
241: (617, 631)
255: (632, 638)
5: (639, 655)
230: (656, 667)
144: (668, 688)
74: (689, 699)
231: (700, 701)
127: (702, 753)
48: (754, 763)
111: (764, 857)
69: (858, 861)
68: (862, 865)
168: (866, 871)
43: (872, 890)
97: (891, 896)
99: (897, 936)
165: (937, 956)
63: (957, 958)
3: (959, 981)
13: (982, 986)
(0, 0)
(0, 0)
(0, 0)
(0, 0)
22: (987, 996)
(0, 0)
(0, 0)
(0, 0)
(0, 0)
(0, 0)
(0, 0)
(0, 0)
(0, 0)
(0, 0)
(0, 0)
(0, 0)
(0, 0)
(0, 0)
169: (997, 1006)
(0, 0)
(0, 0)
(0, 0)
(0, 0)
(0, 0)
(0, 0)
(0, 0)
(0, 0)
(0, 0)
(0, 0)
(0, 0)
135: (0, 5)
34: (6, 12)
87: (13, 62)
153: (63, 76)
233: (77, 95)
125: (96, 110)
39: (111, 121)
209: (122, 133)
224: (134, 135)
252: (136, 217)
183: (218, 246)
121: (247, 276)
123: (277, 294)
151: (295, 436)
58: (437, 475)
127: (476, 484)
55: (485, 490)
17: (491, 510)
71: (511, 517)
80: (518, 523)
210: (524, 576)
45: (577, 587)
91: (588, 608)
73: (609, 610)
29: (611, 616)
241: (617, 631)
255: (632, 638)
230: (656, 667)
144: (668, 688)
74: (689, 699)
231: (700, 701)
127: (702, 753)
48: (754, 763)
111: (764, 857)
69: (858, 861)
68: (862, 865)
168: (866, 871)
43: (872, 890)
97: (891, 896)
99: (897, 936)
165: (937, 956)
63: (957, 958)
3: (959, 981)
13: (982, 986)
22: (987, 996)
169: (997, 1006)
135: (0, 5)
87: (13, 62)
153: (63, 76)
233: (77, 95)
125: (96, 110)
39: (111, 121)
209: (122, 133)
224: (134, 135)
252: (136, 217)
183: (218, 246)
121: (247, 276)
123: (277, 294)
151: (295, 436)
58: (437, 475)
127: (476, 484)
55: (485, 490)
17: (491, 510)
71: (511, 517)
80: (518, 523)
210: (524, 576)
45: (577, 587)
91: (588, 608)
73: (609, 610)
29: (611, 616)
241: (617, 631)
255: (632, 638)
230: (656, 667)
144: (668, 688)
74: (689, 699)
231: (700, 701)
127: (702, 753)
48: (754, 763)
111: (764, 857)
69: (858, 861)
68: (862, 865)
168: (866, 871)
43: (872, 890)
97: (891, 896)
99: (897, 936)
165: (937, 956)
63: (957, 958)
3: (959, 981)
13: (982, 986)
22: (987, 996)
169: (997, 1006)
135: (0, 5)
87: (6, 55)
153: (56, 69)
233: (70, 88)
125: (89, 103)
39: (104, 114)
209: (115, 126)
224: (127, 128)
252: (129, 210)
183: (211, 239)
121: (240, 269)
123: (270, 287)
151: (288, 429)
58: (430, 468)
127: (469, 477)
55: (478, 483)
17: (484, 503)
71: (504, 510)
80: (511, 516)
210: (517, 569)
45: (570, 580)
91: (581, 601)
73: (602, 603)
29: (604, 609)
241: (610, 624)
255: (625, 631)
230: (632, 643)
144: (644, 664)
74: (665, 675)
231: (676, 677)
127: (678, 729)
48: (730, 739)
111: (740, 833)
69: (834, 837)
68: (838, 841)
168: (842, 847)
43: (848, 866)
97: (867, 872)
99: (873, 912)
165: (913, 932)
63: (933, 934)
3: (935, 957)
13: (958, 962)
22: (963, 972)
169: (973, 982)
(0, 0)
(0, 0)
(0, 0)
(0, 0)
(0, 0)
(0, 0)
(0, 0)
(0, 0)
(0, 0)
(0, 0)
(0, 0)
248: (983, 990)
(0, 0)
(0, 0)
(0, 0)
(0, 0)
(0, 0)
(0, 0)
(0, 0)
(0, 0)
(0, 0)
(0, 0)
(0, 0)
(0, 0)
(0, 0)
(0, 0)
(0, 0)
(0, 0)
(0, 0)
(0, 0)
(0, 0)
(0, 0)
(0, 0)
(0, 0)
(0, 0)
(0, 0)
(0, 0)
(0, 0)
(0, 0)
(0, 0)
(0, 0)
(0, 0)
(0, 0)
(0, 0)
156: (991, 1011)
(0, 0)
(0, 0)
(0, 0)
(0, 0)
(0, 0)
(0, 0)
(0, 0)
(0, 0)
(0, 0)
(0, 0)
(0, 0)
(0, 0)
(0, 0)
(0, 0)
(0, 0)
(0, 0)
(0, 0)
(0, 0)
(0, 0)
(0, 0)
(0, 0)
(0, 0)
(0, 0)
(0, 0)
(0, 0)
(0, 0)
(0, 0)
(0, 0)
(0, 0)
(0, 0)
(0, 0)
(0, 0)
(0, 0)
(0, 0)
(0, 0)
(0, 0)
(0, 0)
(0, 0)
(0, 0)
(0, 0)
(0, 0)
(0, 0)
(0, 0)
(0, 0)
(0, 0)
(0, 0)
(0, 0)
(0, 0)
(0, 0)
(0, 0)
(0, 0)
(0, 0)
(0, 0)
(0, 0)
(0, 0)
(0, 0)
(0, 0)
(0, 0)
(0, 0)
(0, 0)
(0, 0)
(0, 0)
(0, 0)
(0, 0)
(0, 0)
(0, 0)
(0, 0)
(0, 0)
(0, 0)
(0, 0)
(0, 0)
(0, 0)
(0, 0)
(0, 0)
(0, 0)
(0, 0)
(0, 0)
(0, 0)
(0, 0)
(0, 0)
(0, 0)
(0, 0)
(0, 0)
(0, 0)
(0, 0)
(0, 0)
(0, 0)
(0, 0)
(0, 0)
(0, 0)
(0, 0)
(0, 0)
(0, 0)
(0, 0)
(0, 0)
(0, 0)
(0, 0)
(0, 0)
(0, 0)
(0, 0)
(0, 0)
(0, 0)
(0, 0)
(0, 0)
(0, 0)
(0, 0)
(0, 0)
(0, 0)
(0, 0)
(0, 0)
(0, 0)
(0, 0)
(0, 0)
(0, 0)
(0, 0)
(0, 0)
(0, 0)
(0, 0)
(0, 0)
(0, 0)
(0, 0)
(0, 0)
(0, 0)
(0, 0)
(0, 0)
(0, 0)
(0, 0)
(0, 0)
(0, 0)
(0, 0)
(0, 0)
(0, 0)
(0, 0)
(0, 0)
(0, 0)
(0, 0)
(0, 0)
(0, 0)
(0, 0)
(0, 0)
(0, 0)
(0, 0)
(0, 0)
(0, 0)
(0, 0)
(0, 0)
(0, 0)
(0, 0)
(0, 0)
(0, 0)
(0, 0)
(0, 0)
(0, 0)
(0, 0)
(0, 0)
(0, 0)
(0, 0)
(0, 0)
(0, 0)
(0, 0)
(0, 0)
(0, 0)
(0, 0)
(0, 0)
(0, 0)
(0, 0)
(0, 0)
(0, 0)
(0, 0)
(0, 0)
(0, 0)
(0, 0)
(0, 0)
(0, 0)
(0, 0)
(0, 0)
(0, 0)
(0, 0)
(0, 0)
(0, 0)
(0, 0)
(0, 0)
(0, 0)
(0, 0)
(0, 0)
(0, 0)
(0, 0)
(0, 0)
(0, 0)
(0, 0)
(0, 0)
(0, 0)
(0, 0)
(0, 0)
(0, 0)
(0, 0)
(0, 0)
(0, 0)
(0, 0)
(0, 0)
(0, 0)
(0, 0)
(0, 0)
(0, 0)
(0, 0)
(0, 0)
(0, 0)
(0, 0)
(0, 0)
(0, 0)
(0, 0)
(0, 0)
(0, 0)
(0, 0)
(0, 0)
(0, 0)
(0, 0)
(0, 0)
(0, 0)
(0, 0)
(0, 0)
(0, 0)
(0, 0)
(0, 0)
(0, 0)
(0, 0)
(0, 0)
(0, 0)
(0, 0)
(0, 0)
(0, 0)
(0, 0)
(0, 0)
(0, 0)
(0, 0)
(0, 0)
(0, 0)
(0, 0)
(0, 0)
(0, 0)
(0, 0)
(0, 0)
(0, 0)
(0, 0)
(0, 0)
(0, 0)
(0, 0)
(0, 0)
(0, 0)
(0, 0)
(0, 0)
(0, 0)
(0, 0)
(0, 0)
(0, 0)
(0, 0)
(0, 0)
(0, 0)
(0, 0)
135: (0, 5)
87: (6, 55)
153: (56, 69)
233: (70, 88)
125: (89, 103)
39: (104, 114)
209: (115, 126)
224: (127, 128)
252: (129, 210)
183: (211, 239)
121: (240, 269)
123: (270, 287)
151: (288, 429)
58: (430, 468)
127: (469, 477)
55: (478, 483)
17: (484, 503)
71: (504, 510)
80: (511, 516)
210: (517, 569)
45: (570, 580)
91: (581, 601)
73: (602, 603)
29: (604, 609)
241: (610, 624)
255: (625, 631)
230: (632, 643)
144: (644, 664)
74: (665, 675)
231: (676, 677)
127: (678, 729)
48: (730, 739)
111: (740, 833)
69: (834, 837)
68: (838, 841)
168: (842, 847)
43: (848, 866)
97: (867, 872)
99: (873, 912)
165: (913, 932)
63: (933, 934)
3: (935, 957)
13: (958, 962)
22: (963, 972)
169: (973, 982)
248: (983, 990)
156: (991, 1011)
135: (0, 5)
87: (6, 55)
153: (56, 69)
233: (70, 88)
125: (89, 103)
39: (104, 114)
209: (115, 126)
224: (127, 128)
252: (129, 210)
183: (211, 239)
121: (240, 269)
123: (270, 287)
151: (288, 429)
58: (430, 468)
127: (469, 477)
55: (478, 483)
17: (484, 503)
71: (504, 510)
80: (511, 516)
210: (517, 569)
45: (570, 580)
91: (581, 601)
73: (602, 603)
29: (604, 609)
241: (610, 624)
255: (625, 631)
230: (632, 643)
144: (644, 664)
74: (665, 675)
231: (676, 677)
127: (678, 729)
48: (730, 739)
111: (740, 833)
69: (834, 837)
68: (838, 841)
168: (842, 847)
43: (848, 866)
97: (867, 872)
99: (873, 912)
165: (913, 932)
63: (933, 934)
3: (935, 957)
13: (958, 962)
22: (963, 972)
169: (973, 982)
248: (983, 990)
156: (991, 1011)
(0, 0)
(0, 0)
(0, 0)
(0, 0)
(0, 0)
(0, 0)
(0, 0)
(0, 0)
254: (1012, 1017)
(0, 0)
(0, 0)
(0, 0)
(0, 0)
(0, 0)
(0, 0)
(0, 0)
(0, 0)
(0, 0)
(0, 0)
(0, 0)
(0, 0)
(0, 0)
(0, 0)
(0, 0)
(0, 0)
(0, 0)
(0, 0)
(0, 0)
(0, 0)
(0, 0)
(0, 0)
(0, 0)
(0, 0)
(0, 0)
(0, 0)
(0, 0)
(0, 0)
(0, 0)
(0, 0)
(0, 0)
(0, 0)
(0, 0)
(0, 0)
(0, 0)
(0, 0)
(0, 0)
(0, 0)
(0, 0)
(0, 0)
(0, 0)
(0, 0)
(0, 0)
(0, 0)
(0, 0)
(0, 0)
(0, 0)
(0, 0)
(0, 0)
(0, 0)
(0, 0)
(0, 0)
(0, 0)
(0, 0)
(0, 0)
(0, 0)
(0, 0)
(0, 0)
(0, 0)
(0, 0)
(0, 0)
(0, 0)
(0, 0)
(0, 0)
(0, 0)
(0, 0)
(0, 0)
(0, 0)
(0, 0)
(0, 0)
(0, 0)
(0, 0)
(0, 0)
(0, 0)
(0, 0)
(0, 0)
(0, 0)
(0, 0)
(0, 0)
(0, 0)
(0, 0)
(0, 0)
(0, 0)
(0, 0)
(0, 0)
(604, 609)
(0, 0)
(0, 0)
(0, 0)
(0, 0)
(0, 0)
(0, 0)
(0, 0)
(0, 0)
(0, 0)
(0, 0)
(0, 0)
(0, 0)
(0, 0)
(0, 0)
(0, 0)
(0, 0)
(0, 0)
(0, 0)
(0, 0)
(0, 0)
(0, 0)
(0, 0)
(0, 0)
(0, 0)
(0, 0)
(0, 0)
(0, 0)
(0, 0)
(0, 0)
(0, 0)
(0, 0)
(0, 0)
(0, 0)
(0, 0)
(0, 0)
(0, 0)
(0, 0)
(0, 0)
(0, 0)
(0, 0)
(0, 0)
(0, 0)
(0, 0)
(0, 0)
(0, 0)
(0, 0)
(0, 0)
(0, 0)
(0, 0)
(0, 0)
(0, 0)
(0, 0)
(0, 0)
(0, 0)
(0, 0)
(0, 0)
(0, 0)
(0, 0)
(0, 0)
(0, 0)
(0, 0)
(0, 0)
(0, 0)
(0, 0)
(0, 0)
(0, 0)
(0, 0)
(0, 0)
(0, 0)
(0, 0)
(0, 0)
(0, 0)
(0, 0)
(0, 0)
(0, 0)
(0, 0)
(0, 0)
(0, 0)
(0, 0)
(0, 0)
(0, 0)
(0, 0)
(0, 0)
(0, 0)
(0, 0)
(0, 0)
(0, 0)
(0, 0)
(0, 0)
(0, 0)
(0, 0)
(0, 0)
(0, 0)
(0, 0)
(0, 0)
(0, 0)
(0, 0)
(0, 0)
(0, 0)
(0, 0)
(0, 0)
(0, 0)
(0, 0)
(0, 0)
(0, 0)
(0, 0)
(0, 0)
(0, 0)
(0, 0)
(0, 0)
(0, 0)
(0, 0)
(0, 0)
(0, 0)
(0, 0)
(0, 0)
(0, 0)
(0, 0)
(0, 0)
(0, 0)
(0, 0)
(0, 0)
(0, 0)
(0, 0)
(0, 0)
(0, 0)
(0, 0)
(0, 0)
(0, 0)
(0, 0)
(0, 0)
(0, 0)
(0, 0)
(0, 0)
(0, 0)
(0, 0)
(0, 0)
(0, 0)
(0, 0)
(0, 0)
(0, 0)
(0, 0)
(0, 0)
(0, 0)
(0, 0)
(0, 0)
(0, 0)
(0, 0)
(0, 0)
(0, 0)
(0, 0)
(0, 0)
(0, 0)
(0, 0)
(0, 0)
(0, 0)
(0, 0)
(0, 0)
(0, 0)
(0, 0)
(0, 0)
(0, 0)
(0, 0)
(0, 0)
(0, 0)
(0, 0)
(0, 0)
(0, 0)
(0, 0)
(0, 0)
(0, 0)
(0, 0)
(0, 0)
(0, 0)
(0, 0)
(0, 0)
(0, 0)
(0, 0)
(0, 0)
(0, 0)
(0, 0)
(0, 0)
(0, 0)
(0, 0)
(0, 0)
(0, 0)
(0, 0)
(0, 0)
(0, 0)
(0, 0)
(0, 0)
(0, 0)
(0, 0)
(0, 0)
(0, 0)
(0, 0)
(0, 0)
(0, 0)
(0, 0)
(0, 0)
(0, 0)
(0, 0)
(0, 0)
(0, 0)
135: (0, 5)
87: (6, 55)
153: (56, 69)
233: (70, 88)
125: (89, 103)
39: (104, 114)
209: (115, 126)
224: (127, 128)
252: (129, 210)
183: (211, 239)
121: (240, 269)
123: (270, 287)
151: (288, 429)
58: (430, 468)
127: (469, 477)
55: (478, 483)
17: (484, 503)
71: (504, 510)
80: (511, 516)
210: (517, 569)
45: (570, 580)
91: (581, 601)
73: (602, 603)
29: (604, 609)
241: (610, 624)
255: (625, 631)
230: (632, 643)
144: (644, 664)
74: (665, 675)
231: (676, 677)
127: (678, 729)
48: (730, 739)
111: (740, 833)
69: (834, 837)
68: (838, 841)
168: (842, 847)
43: (848, 866)
97: (867, 872)
99: (873, 912)
165: (913, 932)
63: (933, 934)
3: (935, 957)
13: (958, 962)
22: (963, 972)
169: (973, 982)
248: (983, 990)
156: (991, 1011)
254: (1012, 1017)
135: (0, 5)
87: (6, 55)
153: (56, 69)
233: (70, 88)
125: (89, 103)
39: (104, 114)
209: (115, 126)
224: (127, 128)
252: (129, 210)
183: (211, 239)
121: (240, 269)
123: (270, 287)
151: (288, 429)
58: (430, 468)
127: (469, 477)
55: (478, 483)
17: (484, 503)
71: (504, 510)
80: (511, 516)
210: (517, 569)
45: (570, 580)
91: (581, 601)
73: (602, 603)
29: (604, 609)
241: (610, 624)
255: (625, 631)
230: (632, 643)
144: (644, 664)
74: (665, 675)
231: (676, 677)
127: (678, 729)
48: (730, 739)
111: (740, 833)
69: (834, 837)
68: (838, 841)
168: (842, 847)
43: (848, 866)
97: (867, 872)
99: (873, 912)
165: (913, 932)
63: (933, 934)
3: (935, 957)
13: (958, 962)
22: (963, 972)
169: (973, 982)
248: (983, 990)
156: (991, 1011)
254: (1012, 1017)
(0, 0)
135: (0, 5)
87: (6, 55)
153: (56, 69)
233: (70, 88)
125: (89, 103)
39: (104, 114)
209: (115, 126)
224: (127, 128)
252: (129, 210)
183: (211, 239)
121: (240, 269)
123: (270, 287)
151: (288, 429)
58: (430, 468)
127: (469, 477)
55: (478, 483)
17: (484, 503)
71: (504, 510)
80: (511, 516)
210: (517, 569)
45: (570, 580)
91: (581, 601)
73: (602, 603)
29: (604, 609)
241: (610, 624)
255: (625, 631)
230: (632, 643)
144: (644, 664)
74: (665, 675)
231: (676, 677)
127: (678, 729)
48: (730, 739)
111: (740, 833)
69: (834, 837)
68: (838, 841)
168: (842, 847)
43: (848, 866)
97: (867, 872)
99: (873, 912)
165: (913, 932)
63: (933, 934)
3: (935, 957)
13: (958, 962)
22: (963, 972)
248: (983, 990)
156: (991, 1011)
254: (1012, 1017)
135: (0, 5)87: (6, 55)153: (56, 69)233: (70, 88)125: (89, 103)39: (104, 114)209: (115, 126)224: (127, 128)252: (129, 210)183: (211, 239)121: (240, 269)123: (270, 287)151: (288, 429)58: (430, 468)127: (469, 477)55: (478, 483)17: (484, 503)71: (504, 510)80: (511, 516)210: (517, 569)45: (570, 580)91: (581, 601)73: (602, 603)29: (604, 609)241: (610, 624)255: (625, 631)230: (632, 643)144: (644, 664)74: (665, 675)231: (676, 677)127: (678, 729)48: (730, 739)111: (740, 833)69: (834, 837)68: (838, 841)168: (842, 847)43: (848, 866)97: (867, 872)99: (873, 912)165: (913, 932)63: (933, 934)3: (935, 957)13: (958, 962)22: (963, 972)248: (983, 990)156: (991, 1011)254: (1012, 1017)135: (0, 5)87: (6, 55)153: (56, 69)233: (70, 88)125: (89, 103)39: (104, 114)209: (115, 126)224: (127, 128)252: (129, 210)183: (211, 239)121: (240, 269)123: (270, 287)151: (288, 429)58: (430, 468)127: (469, 477)55: (478, 483)17: (484, 503)71: (504, 510)80: (511, 516)210: (517, 569)45: (570, 580)91: (581, 601)73: (602, 603)29: (604, 609)241: (610, 624)255: (625, 631)230: (632, 643)144: (644, 664)74: (665, 675)231: (676, 677)127: (678, 729)48: (730, 739)111: (740, 833)69: (834, 837)68: (838, 841)168: (842, 847)43: (848, 866)97: (867, 872)99: (873, 912)165: (913, 932)63: (933, 934)3: (935, 957)13: (958, 962)22: (963, 972)248: (973, 980)156: (981, 1001)254: (1002, 1007)135: (0, 5)87: (6, 55)153: (56, 69)233: (70, 88)125: (89, 103)39: (104, 114)209: (115, 126)224: (127, 128)252: (129, 210)183: (211, 239)121: (240, 269)123: (270, 287)151: (288, 429)58: (430, 468)127: (469, 477)55: (478, 483)17: (484, 503)71: (504, 510)80: (511, 516)210: (517, 569)45: (570, 580)91: (581, 601)73: (602, 603)29: (604, 609)241: (610, 624)255: (625, 631)230: (632, 643)144: (644, 664)74: (665, 675)231: (676, 677)127: (678, 729)48: (730, 739)111: (740, 833)69: (834, 837)68: (838, 841)168: (842, 847)43: (848, 866)97: (867, 872)99: (873, 912)165: (913, 932)63: (933, 934)3: (935, 957)13: (958, 962)22: (963, 972)248: (973, 980)156: (981, 1001)254: (1002, 1007)(469, 477)
135: (0, 5)87: (6, 55)153: (56, 69)233: (70, 88)125: (89, 103)39: (104, 114)209: (115, 126)224: (127, 128)252: (129, 210)183: (211, 239)121: (240, 269)123: (270, 287)151: (288, 429)58: (430, 468)127: (469, 477)55: (478, 483)17: (484, 503)71: (504, 510)80: (511, 516)210: (517, 569)45: (570, 580)91: (581, 601)73: (602, 603)29: (604, 609)241: (610, 624)255: (625, 631)230: (632, 643)144: (644, 664)74: (665, 675)231: (676, 677)127: (678, 729)48: (730, 739)111: (740, 833)69: (834, 837)68: (838, 841)168: (842, 847)43: (848, 866)97: (867, 872)99: (873, 912)165: (913, 932)63: (933, 934)3: (935, 957)13: (958, 962)22: (963, 972)248: (973, 980)156: (981, 1001)254: (1002, 1007)(0, 0)
(0, 0)
(0, 0)
(0, 0)
(0, 0)
(0, 0)
(0, 0)
(0, 0)
(0, 0)
(0, 0)
(0, 0)
(0, 0)
(0, 0)
(0, 0)
(0, 0)
(0, 0)
(0, 0)
(0, 0)
(0, 0)
(0, 0)
(0, 0)
(0, 0)
(0, 0)
(0, 0)
(0, 0)
(0, 0)
(0, 0)
(0, 0)
(0, 0)
(0, 0)
(0, 0)
(0, 0)
(0, 0)
(0, 0)
(0, 0)
(0, 0)
(0, 0)
(0, 0)
(0, 0)
(0, 0)
(0, 0)
(0, 0)
(0, 0)
(0, 0)
(0, 0)
(0, 0)
(0, 0)
(0, 0)
(0, 0)
(0, 0)
(0, 0)
(0, 0)
(0, 0)
(0, 0)
(0, 0)
(0, 0)
(0, 0)
(0, 0)
(0, 0)
(0, 0)
(0, 0)
(0, 0)
(0, 0)
(0, 0)
(0, 0)
(0, 0)
(0, 0)
(0, 0)
(0, 0)
(0, 0)
(0, 0)
(0, 0)
(0, 0)
(0, 0)
(0, 0)
(0, 0)
(0, 0)
(0, 0)
(0, 0)
135: (0, 5)87: (6, 55)153: (56, 69)233: (70, 88)125: (89, 103)39: (104, 114)209: (115, 126)224: (127, 128)252: (129, 210)183: (211, 239)121: (240, 269)123: (270, 287)151: (288, 429)58: (430, 468)127: (469, 477)55: (478, 483)17: (484, 503)71: (504, 510)80: (511, 516)210: (517, 569)45: (570, 580)91: (581, 601)73: (602, 603)29: (604, 609)241: (610, 624)255: (625, 631)230: (632, 643)144: (644, 664)74: (665, 675)231: (676, 677)127: (678, 729)48: (730, 739)111: (740, 833)69: (834, 837)68: (838, 841)168: (842, 847)43: (848, 866)97: (867, 872)99: (873, 912)165: (913, 932)63: (933, 934)3: (935, 957)13: (958, 962)22: (963, 972)248: (973, 980)156: (981, 1001)254: (1002, 1007)(0, 0)
(0, 0)
(0, 0)
(0, 0)
(0, 0)
(0, 0)
(0, 0)
(0, 0)
(0, 0)
(0, 0)
(0, 0)
(0, 0)
(0, 0)
(0, 0)
(0, 0)
(0, 0)
(0, 0)
(0, 0)
(0, 0)
(0, 0)
(0, 0)
(0, 0)
(0, 0)
(0, 0)
(0, 0)
(0, 0)
(0, 0)
(0, 0)
(0, 0)
(0, 0)
(0, 0)
(0, 0)
(0, 0)
(0, 0)
(0, 0)
(0, 0)
(0, 0)
(0, 0)
(0, 0)
(0, 0)
(0, 0)
(0, 0)
(0, 0)
(0, 0)
(0, 0)
(0, 0)
(0, 0)
(0, 0)
(0, 0)
(0, 0)
(0, 0)
(0, 0)
(0, 0)
(0, 0)
(0, 0)
(0, 0)
(0, 0)
(0, 0)
(0, 0)
(0, 0)
(0, 0)
(0, 0)
(0, 0)
(0, 0)
(0, 0)
(0, 0)
(0, 0)
(0, 0)
(0, 0)
(0, 0)
(0, 0)
(0, 0)
(0, 0)
253: (1008, 1011)(0, 0)
(0, 0)
(0, 0)
(0, 0)
(0, 0)
(0, 0)
(0, 0)
(0, 0)
(0, 0)
(0, 0)
(0, 0)
(0, 0)
(0, 0)
(0, 0)
(0, 0)
(0, 0)
(0, 0)
(0, 0)
(0, 0)
(0, 0)
(0, 0)
(0, 0)
(0, 0)
(0, 0)
(0, 0)
(0, 0)
(0, 0)
(0, 0)
(0, 0)
(0, 0)
(0, 0)
(0, 0)
(0, 0)
(0, 0)
(0, 0)
(0, 0)
(0, 0)
(0, 0)
(0, 0)
(0, 0)
(0, 0)
(0, 0)
(0, 0)
(0, 0)
(0, 0)
(0, 0)
(0, 0)
(0, 0)
(0, 0)
(0, 0)
(0, 0)
(0, 0)
(0, 0)
(0, 0)
(0, 0)
(0, 0)
(0, 0)
(0, 0)
(0, 0)
(0, 0)
(0, 0)
(0, 0)
(0, 0)
135: (0, 5)87: (6, 55)153: (56, 69)233: (70, 88)125: (89, 103)39: (104, 114)209: (115, 126)224: (127, 128)252: (129, 210)183: (211, 239)121: (240, 269)123: (270, 287)151: (288, 429)58: (430, 468)127: (469, 477)55: (478, 483)17: (484, 503)71: (504, 510)80: (511, 516)210: (517, 569)45: (570, 580)91: (581, 601)73: (602, 603)29: (604, 609)241: (610, 624)255: (625, 631)230: (632, 643)144: (644, 664)74: (665, 675)231: (676, 677)127: (678, 729)48: (730, 739)111: (740, 833)69: (834, 837)68: (838, 841)168: (842, 847)43: (848, 866)97: (867, 872)99: (873, 912)165: (913, 932)63: (933, 934)3: (935, 957)13: (958, 962)22: (963, 972)248: (973, 980)156: (981, 1001)254: (1002, 1007)253: (1008, 1011)(0, 0)
(0, 0)
(0, 0)
(0, 0)
(0, 0)
(0, 0)
(0, 0)
(0, 0)
(0, 0)
(0, 0)
(0, 0)
(0, 0)
(0, 0)
(0, 0)
(0, 0)
(0, 0)
(0, 0)
(0, 0)
(0, 0)
(0, 0)
(0, 0)
(0, 0)
(0, 0)
(0, 0)
(0, 0)
(0, 0)
(0, 0)
(0, 0)
(0, 0)
(0, 0)
(0, 0)
(0, 0)
(0, 0)
(0, 0)
(0, 0)
(0, 0)
(0, 0)
(0, 0)
(0, 0)
(0, 0)
(0, 0)
255: (1012, 1018)(0, 0)
(0, 0)
(0, 0)
(0, 0)
(0, 0)
(0, 0)
(0, 0)
(0, 0)
(0, 0)
(0, 0)
(0, 0)
(0, 0)
(0, 0)
(0, 0)
(0, 0)
(0, 0)
(0, 0)
(0, 0)
(0, 0)
(0, 0)
(0, 0)
(0, 0)
(0, 0)
(0, 0)
218: (1019, 1022)(0, 0)
(0, 0)
(0, 0)
(0, 0)
(0, 0)
(0, 0)
(0, 0)
(0, 0)
(0, 0)
(0, 0)
(0, 0)
(0, 0)
(0, 0)
(0, 0)
(0, 0)
(0, 0)
(0, 0)
(0, 0)
(0, 0)
(0, 0)
(0, 0)
(0, 0)
(0, 0)
(0, 0)
(0, 0)
(0, 0)
(0, 0)
(0, 0)
(0, 0)
(0, 0)
(0, 0)
(0, 0)
(0, 0)
(0, 0)
(0, 0)
(0, 0)
(0, 0)
(0, 0)
(0, 0)
(0, 0)
(0, 0)
(0, 0)
(0, 0)
(0, 0)
(0, 0)
(0, 0)
(0, 0)
(0, 0)
(0, 0)
(0, 0)
(0, 0)
(0, 0)
(0, 0)
(0, 0)
(0, 0)
(0, 0)
(0, 0)
(0, 0)
(0, 0)
(0, 0)
(0, 0)
(0, 0)
(0, 0)
(0, 0)
(0, 0)
(0, 0)
(0, 0)
(0, 0)
(0, 0)
(0, 0)
(0, 0)
(0, 0)
(0, 0)
(0, 0)
(0, 0)
(0, 0)
(0, 0)
(0, 0)
(0, 0)
(0, 0)
(0, 0)
(0, 0)
(0, 0)
(0, 0)
(0, 0)
(0, 0)
(0, 0)
(0, 0)
(0, 0)
(0, 0)
(0, 0)
(0, 0)
(0, 0)
(0, 0)
(0, 0)
(0, 0)
(0, 0)
(0, 0)
(0, 0)
(0, 0)
(0, 0)
(0, 0)
(0, 0)
(0, 0)
(0, 0)
(0, 0)
(0, 0)
(0, 0)
(0, 0)
(0, 0)
(0, 0)
(0, 0)
(0, 0)
(0, 0)
(0, 0)
(0, 0)
(0, 0)
(0, 0)
(0, 0)
(0, 0)
(0, 0)
(0, 0)
(0, 0)
(0, 0)
(0, 0)
(0, 0)
(0, 0)
(0, 0)
(0, 0)
(0, 0)
(0, 0)
(0, 0)
(0, 0)
(0, 0)
(0, 0)
(0, 0)
135: (0, 5)
87: (6, 55)153: (56, 69)233: (70, 88)125: (89, 103)39: (104, 114)209: (115, 126)224: (127, 128)252: (129, 210)183: (211, 239)121: (240, 269)123: (270, 287)151: (288, 429)58: (430, 468)127: (469, 477)55: (478, 483)17: (484, 503)71: (504, 510)80: (511, 516)210: (517, 569)45: (570, 580)91: (581, 601)73: (602, 603)29: (604, 609)241: (610, 624)255: (625, 631)230: (632, 643)144: (644, 664)74: (665, 675)231: (676, 677)127: (678, 729)48: (730, 739)111: (740, 833)69: (834, 837)68: (838, 841)168: (842, 847)43: (848, 866)97: (867, 872)99: (873, 912)165: (913, 932)63: (933, 934)3: (935, 957)13: (958, 962)22: (963, 972)248: (973, 980)156: (981, 1001)254: (1002, 1007)253: (1008, 1011)255: (1012, 1018)218: (1019, 1022)